<?xml version='1.0' encoding='UTF-8' ?>
<timeLogEntries>
  <time id="1" path="/Proyecto" start="@1581960866361" delta="21" />
  <time id="2" path="/Proyecto/CDSI/SEMANA 1/Realizar plan de proyecto" start="@1582602988870" delta="66" />
  <time id="3" path="/Proyecto/CDSI/SEMANA 1/Tiempo de Rol de Gerente de Desarrollo" start="@1582735673692" delta="15" />
  <time id="4" path="/Proyecto/CDSI/SEMANA 1/Tiempo de Rol de Gerente de Desarrollo" start="@1582737353634" delta="2" interrupt="1" />
  <time id="5" path="/Proyecto/CDSI/SEMANA 1/Tiempo de Rol de Gerente de Desarrollo" start="@1582737553237" delta="30" />
  <time id="6" path="/Proyecto/CDSI/SEMANA 2/Preparacion para la reunion de equipo" start="@1582830243372" delta="29" />
  <time id="7" path="/Proyecto/CDSI/SEMANA 2/Estudio de documentacion (Lineamiento para la operacion y cumplimiento del trazo de rutas)" start="@1582832126672" delta="49" />
  <time id="8" path="/Proyecto/CDSI/SEMANA 2/Estudio de documentacion (Lineamiento para la operacion y cumplimiento del trazo de rutas)" start="@1582835062985" delta="29" />
  <time id="9" path="/Proyecto/CDSI/SEMANA 2/Reunion de equipo" start="@1582906904823" delta="28" />
  <time id="10" path="/Proyecto/CDSI/SEMANA 1/Reunion con el cliente para validacion de Plan de proyecto" start="@1583172266683" delta="34" />
  <time id="11" path="/Proyecto/CDSI/SEMANA 1/Creacion de documento SRS" start="@1583374694417" delta="110" />
  <time id="12" path="/Proyecto/CDSI/SEMANA 2/Diseno de mockup" start="@1583381320659" delta="54" />
  <time id="13" path="/Proyecto/CDSI/SEMANA 3/Reunion con el cliente Para mostrarle protoipo explorativo (mockup)" start="@1583435224845" delta="513" />
  <time id="14" path="/Proyecto/CDSI/SEMANA 2/Hablar sobre cambios de diseno" start="@1583466419185" delta="23" />
  <time id="15" path="/Proyecto/CDSI/SEMANA 2/Retroalimentacion del Proyecto" start="@1583467810086" delta="77" />
  <time id="16" path="/Proyecto/CDSI/SEMANA 2/Reunion de equipo" start="@1583472478603" delta="85" />
  <time id="17" path="/Proyecto/CDSI/SEMANA 3/Preparacion para la reunion con el cliente" start="@1583705096110" delta="26" />
  <time id="18" path="/Proyecto/CDSI/SEMANA 3/Investigacion sobre google maps" start="@1583706677719" delta="26" />
  <time id="19" path="/Proyecto/CDSI/SEMANA 3/Investigacion sobre uso de Android Studio" start="@1583708241974" delta="26" />
  <time id="20" path="/Proyecto/CDSI/SEMANA 3/Investigacion de Java" start="@1583709817581" delta="42" />
  <time id="21" path="/Proyecto/CDSI/SEMANA 3/Creacion de documento Historias de usuario" start="@1583770239583" delta="25" />
  <time id="22" path="/Proyecto/CDSI/SEMANA 3/Preparacion para la reunion de equipo" start="@1583771778378" delta="47" />
  <time id="23" path="/Proyecto/CDSI/SEMANA 4/Capacitacion sobre uso de Android Studio" start="@1583942663053" delta="115" />
  <time id="24" path="/Proyecto/CDSI/SEMANA 4/Capacitacion de Java" start="@1583954264749" delta="83" />
  <time id="25" path="/Proyecto/CDSI/SEMANA 4/Capacitacion de Java" start="@1583976114535" delta="117" />
  <time id="26" path="/Proyecto/CDSI/SEMANA 4/Preparacion para la reunion de equipo" start="@1583983147112" delta="98" />
  <time id="27" path="/Proyecto/CDSI/SEMANA 4/Correcion  de Mockup con retroalimentacion del cliente" start="@1584033593785" delta="27" />
  <time id="28" path="/Proyecto/CDSI/SEMANA 4/Overhead" start="@1584035239206" delta="70" interrupt="81" />
  <time id="29" path="/Proyecto/CDSI/SEMANA 4/Tiempo de Rol de Gerente de Desarrollo" start="@1584044300008" delta="24" />
  <time id="30" path="/Proyecto/CDSI/SEMANA 2/Creacion de SAS" start="@1584411843912" delta="85" />
  <time id="31" path="/Proyecto/CDSI/SEMANA 2/Correcion de SAS" start="@1584416922215" delta="35" />
  <time id="32" path="/Proyecto/CDSI/SEMANA 3/Overhead" start="@1584419029892" delta="6" />
  <time id="33" path="/Proyecto/CDSI/SEMANA 4/Tiempo de Rol de Gerente de Desarrollo" start="@1584462334920" />
  <time id="34" path="/Proyecto/CDSI/SEMANA 5/Investigacion de libreria Open Street Map" start="@1584548000851" delta="263" />
  <time id="35" path="/Proyecto/CDSI/SEMANA 5/Instalacion de base de datos del cliente en un servidor local" start="@1584594467342" delta="85" />
  <time id="36" path="/Proyecto/CDSI/SEMANA 5/Overhead (5)" start="@1584599581079" delta="60" />
  <time id="37" path="/Proyecto/CDSI/SEMANA 4/Reunion de equipo" start="@1584684895061" delta="18" />
  <time id="38" path="/Proyecto/CDSI/SEMANA 5/Preparacion para la reunion de equipo (4)" start="@1585077998412" delta="38" />
  <time id="39" path="/Proyecto/CDSI/SEMANA 5/Reunion de equipo (5)" start="@1585080291579" delta="51" />
  <time id="40" path="/Proyecto/CDSI/SEMANA 5/Tiempo de Rol de Gerente de Desarrollo (5)" start="@1585083348172" delta="67" />
  <time id="41" path="/Proyecto/CDSI/SEMANA 6/Preparacion para la reunion de equipo (5)" start="@1585277993440" delta="28" />
  <time id="42" path="/Proyecto/CDSI/SEMANA 6/Reunion de equipo (6)" start="@1585279655937" delta="60" />
  <time id="43" path="/Proyecto/CDSI/SEMANA 6/Preparacion para la reunion con el cliente (2)" start="@1585283263108" delta="32" />
  <time id="44" path="/Proyecto/CDSI/SEMANA 6/Reunion con el cliente para revisar mockup explorativo por ultima vez" start="@1585285178187" delta="90" />
  <time id="45" path="/Proyecto/CDSI/SEMANA 6/Creación del proyecto RutasOffline en android Studio" start="@1585290606106" delta="29" />
  <time id="46" path="/Proyecto/CDSI/SEMANA 6/Integracion del proyecto de Brenda" start="@1585292382057" delta="29" />
  <time id="47" path="/Proyecto/CDSI/SEMANA 6/Overhead (6)" start="@1585294153665" delta="33" />
  <time id="48" path="/Proyecto/CDSI/SEMANA 6/Overhead (6)" start="@1585332013976" delta="25" />
  <time id="49" path="/Proyecto/CDSI/SEMANA 6/Capasitacion con la base de datos del cliente" start="@1585333544661" delta="119" />
  <time id="50" path="/Proyecto/CDSI/SEMANA 6/Coneccion a la base de datos de prueba" start="@1585340684049" delta="90" />
  <time id="51" path="/Proyecto/CDSI/SEMANA 6/Tiempo de Rol de Gerente de Desarrollo (6)" start="@1585346082465" delta="47" />
  <time id="52" path="/Proyecto/CDSI/SEMANA 4/Reunion de equipo" start="@1585685421809" delta="22" />
  <time id="53" path="/Proyecto/CDSI/SEMANA 7/Agregar librerias seleccionadas(UTILS Y VOLLEY)" start="@1585686764796" delta="13" />
  <time id="54" path="/Proyecto/CDSI/SEMANA 7/Agregar librerias seleccionadas(UTILS Y VOLLEY)" start="@1585690254624" delta="24" />
  <time id="55" path="/Proyecto/CDSI/SEMANA 7/Agregar librerias seleccionadas(UTILS Y VOLLEY)" start="@1585691908228" delta="82" />
  <time id="56" path="/Proyecto/CDSI/SEMANA 7/Integrar APIs and Keys al proyecto" start="@1585696831063" delta="97" />
  <time id="57" path="/Proyecto/CDSI/SEMANA 7/Agregar permisos (Internet, Ubicación, etc)" start="@1585702662930" delta="146" />
  <time id="58" path="/Proyecto/CDSI/SEMANA 7/Overhead (7)" start="@1585711416879" delta="66" />
  <time id="59" path="/Proyecto/CDSI/SEMANA 7/Tiempo de Rol de Gerente de Desarrollo (7)" start="@1585715365405" delta="55" />
  <time id="60" path="/Proyecto/CDSI/SEMANA 7/Preparacion para la reunion de equipo (6)" start="@1585718671782" delta="27" />
  <time id="61" path="/Proyecto/CDSI/SEMANA 7/Reunion de equipo (7)" start="@1585720268252" delta="52" />
  <time id="62" path="/Proyecto/CDSI/SEMANA 8/Pruebas de integracion de Mapa" start="@1587598413621" delta="177" />
  <time id="63" path="/Proyecto/CDSI/SEMANA 8/Configurar Radio de inicio de mapa" start="@1587609046835" delta="204" />
  <time id="64" path="/Proyecto/CDSI/SEMANA 8/Overhead (8)" start="@1587662317069" delta="64" />
  <time id="65" path="/Proyecto/CDSI/SEMANA 8/Tiempo de Rol de Gerente de Desarrollo (8)" start="@1587666167798" delta="57" />
  <time id="66" path="/Proyecto/CDSI/SEMANA 8/Preparacion para la reunion de equipo (7)" start="@1587669616449" delta="29" />
  <time id="67" path="/Proyecto/CDSI/SEMANA 8/Reunion de equipo (8)" start="@1587741802204" delta="1" />
  <time id="68" path="/Proyecto/CDSI/SEMANA 8/Tiempo de Rol de Gerente de Desarrollo (8)" start="@1587741890232" delta="32" />
  <time id="69" path="/Proyecto/CDSI/SEMANA 8/Reunion de equipo (8)" start="@1587743795133" delta="69" />
  <time id="70" path="/Proyecto/CDSI/SEMANA 9/Codificación de trazado de ruta" start="@1588182526944" delta="139" />
  <time id="71" path="/Proyecto/CDSI/SEMANA 9/Mandar llamar valor de latitud y longitud de la tabla cliente de la base de datos de prueba" start="@1588190884312" delta="110" />
  <time id="72" path="/Proyecto/CDSI/SEMANA 9/Modificacion de historia de usuario rutas" start="@1588197503129" delta="141" />
  <time id="73" path="/Proyecto/CDSI/SEMANA 9/Pruebas de la aplicación" start="@1588205959840" delta="92" />
  <time id="74" path="/Proyecto/CDSI/SEMANA 9/Tiempo de Rol de Gerente de Desarrollo (9)" start="@1588211484401" delta="75" />
  <time id="75" path="/Proyecto/CDSI/SEMANA 9/Overhead (9)" start="@1588215961404" delta="55" />
  <time id="76" path="/Proyecto/CDSI/SEMANA 9/Preparacion para la reunion de equipo (8)" start="@1588219268212" delta="50" />
  <time id="77" path="/Proyecto/CDSI/SEMANA 9/Reunion de equipo (9)" start="@1588339968879" delta="39" />
  <time id="78" path="/Proyecto/CDSI/SEMANA 12/Tiempo de Rol de Gerente de Desarrollo (12)" start="@1588342327814" delta="31" />
  <time id="79" path="/Proyecto/CDSI/SEMANA 10/Tiempo de Rol de Gerente de Desarrollo (10)" start="@1588722472410" delta="27" />
  <time id="80" path="/Proyecto/CDSI/SEMANA 11/Revision de documentos" start="@1588795824598" delta="51" />
  <time id="81" path="/Proyecto/CDSI/SEMANA 11/Revision de documentos" start="@1588806858178" delta="36" />
  <time id="82" path="/Proyecto/CDSI/SEMANA 11/Overhead (11)" start="@1588809042005" delta="22" />
  <time id="83" path="/Proyecto/CDSI/SEMANA 11/Preparacion para la reunion de equipo (10)" start="@1588903144814" delta="29" />
  <time id="84" path="/Proyecto/CDSI/SEMANA 11/Overhead (11)" start="@1588904924071" delta="41" />
  <time id="85" path="/Proyecto/CDSI/SEMANA 11/Tiempo de Rol de Gerente de Desarrollo (11)" start="@1588907414325" delta="2" />
  <time id="86" path="/Proyecto/CDSI/SEMANA 10/Preparacion para la reunion de equipo (9)" start="@1588907964338" delta="31" />
  <time id="87" path="/Proyecto/CDSI/SEMANA 10/Overhead (10)" start="@1588909822471" delta="59" />
  <time id="88" path="/Proyecto/CDSI/SEMANA 10/Tiempo de Rol de Gerente de Desarrollo (10)" start="@1588913399107" delta="64" />
  <time id="89" path="/Proyecto/CDSI/SEMANA 11/Tiempo de Rol de Gerente de Desarrollo (11)" start="@1588917300634" delta="398" />
  <time id="90" path="/Proyecto/CDSI/SEMANA 10/Reunion de equipo (10)" start="@1588954587333" delta="76" />
  <time id="91" path="/Proyecto/CDSI/SEMANA 10/Preparacion para la reunion con el cliente (3)" start="@1589421780110" delta="57" />
  <time id="92" path="/Proyecto/CDSI/SEMANA 10/Reunion con el cliente para primera entrega de proyecto" start="@1589425236879" delta="44" />
  <time id="93" path="/Proyecto/CDSI/SEMANA 12/Tiempo de Rol de Gerente de Desarrollo (12)" start="@1589427920186" delta="30" />
  <time id="94" path="/Proyecto/CDSI/SEMANA 12/Overhead (12)" start="@1589429732098" delta="75" />
  <time id="95" path="/Proyecto/CDSI/SEMANA 12/Preparacion para la reunion de equipo (11)" start="@1589434225192" delta="23" />
  <time id="96" path="/Proyecto/CDSI/SEMANA 12/Reunion de equipo (12)" start="@1589555358932" delta="34" />
  <time id="97" path="/Proyecto/CDSI/SEMANA 13/Preparacion para la reunion de equipo (12)" start="@1590193420692" delta="39" />
  <time id="98" path="/Proyecto/CDSI/SEMANA 13/Overhead (13)" start="@1590195796022" delta="65" />
  <time id="99" path="/Proyecto/CDSI/SEMANA 13/Tiempo de Rol de Gerente de Desarrollo (13)" start="@1590199700546" delta="181" />
  <time id="100" path="/Proyecto/CDSI/SEMANA 13/Crear Manual de Mantenimiento" start="@1590702994014" delta="91" />
  <time id="101" path="/Proyecto/CDSI/SEMANA 13/Correguir Manual de Mantenimiento" start="@1590708465049" delta="108" />
  <time id="102" path="/Proyecto/CDSI/SEMANA 13/Correguir manual de operaciones" start="@1590714962275" delta="120" />
  <time id="103" path="/Proyecto/CDSI/SEMANA 14/Preparacion para la reunion de equipo (13)" start="@1590722205199" delta="31" />
  <time id="104" path="/Proyecto/CDSI/SEMANA 14/Tiempo de Rol de Gerente de Desarrollo (14)" start="@1590724042704" delta="97" />
  <time id="107" path="/Proyecto/CDSI/SEMANA 14/Overhead (14)" start="@1591335646039" delta="225" interrupt="210" />
  <time id="108" path="/Proyecto/CDSI/SEMANA 12/Recoleccion de datos del sistema del cliente (2)" start="@1591335821000" delta="156" interrupt="150" />
  <time id="109" path="/Proyecto/CDSI/SEMANA 11/Recoleccion de datos del sistema del cliente" start="@1591335912508" delta="92" interrupt="90" />
  <time id="110" path="/Proyecto/CDSI/SEMANA 11/Realizar Pruebas de la aplicacion Con la finaliad de encontrar errores" start="@1591335954117" delta="215" interrupt="210" />
  <time id="111" path="/Proyecto/CDSI/SEMANA 14/Reunion de equipo (14)" start="@1591601311758" delta="59" interrupt="60" />
  <time id="112" path="/Proyecto/CDSI/SEMANA 14/Preparacion para reunion con el cliente para entrega final de proyecto" start="@1591601370000" delta="40" interrupt="60" />
  <time id="113" path="/Proyecto/CDSI/SEMANA 14/Reunion con el ciente para Dar fin a proyecto" start="@1591601458627" delta="69" interrupt="90" />
  <time id="114" path="/Proyecto/CDSI/SEMANA 14/Capacitación para el uso del sistema" start="@1591601516841" delta="20" interrupt="60" />
  <time id="115" path="/Proyecto/CDSI/SEMANA 14/Validación por el cliente" start="@1591601546276" delta="14" interrupt="30" />
  <time id="116" path="/Proyecto/CDSI/SEMANA 10/Integrar aplicacion a sistema de cliente" start="@1591664071060" delta="150" interrupt="240" />
  <time id="117" path="/Proyecto/CDSI/SEMANA 12/Correccion y,o mejora del sistema del cliente" start="@1591664116937" delta="165" interrupt="240" />
</timeLogEntries>
