<?xml version='1.0' encoding='UTF-8' ?>
<timeLogEntries>
  <time id="1" path="/Proyecto/CDSI/SEMANA 1/Revisar plan de proyecto" start="@1582647764868" delta="11" interrupt="2" />
  <time id="2" path="/Proyecto/CDSI/SEMANA 1/Revisar plan de proyecto" start="@1582649501210" delta="4" />
  <time id="3" path="/Proyecto/CDSI/SEMANA 1/Tiempo de Rol de Gerente de Calidad y Procesos" start="@1582733562125" delta="50" />
  <time id="4" path="/Proyecto/CDSI/SEMANA 1/Tiempo de Rol de Gerente de Calidad y Procesos" start="@1582758492942" delta="23" />
  <time id="5" path="/Proyecto/CDSI/SEMANA 1/Revisar plan de proyecto" start="@1582861829146" delta="48" />
  <time id="6" path="/Proyecto/CDSI/SEMANA 1/Revisar plan de proyecto" start="@1582867201278" delta="26" />
  <time id="7" path="/Proyecto/CDSI/SEMANA 2/Reunion de equipo" start="@1582906932046" delta="9" />
  <time id="8" path="/Proyecto/CDSI/SEMANA 2/Reunion de equipo" start="@1582907514409" delta="6" />
  <time id="9" path="/Proyecto/CDSI/SEMANA 2/Reunion de equipo" start="@1582908018664" delta="10" />
  <time id="10" path="/Proyecto/CDSI/SEMANA 2/Preparacion para la reunion de equipo" start="@1582909170425" delta="31" interrupt="52" />
  <time id="11" path="/Proyecto/CDSI/SEMANA 2/Estudio de documentacion (Lineamiento para la operacion y cumplimiento del trazo de rutas)" start="@1582914161510" delta="53" />
  <time id="12" path="/Proyecto/CDSI/SEMANA 2/Tiempo de Rol de Gerente de Calidad y Procesos" start="@1582917377323" delta="55" />
  <time id="13" path="/Proyecto/CDSI/SEMANA 2/Estudio de documentacion (Lineamiento para la operacion y cumplimiento del trazo de rutas)" start="@1582920771923" delta="5" />
  <time id="14" path="/Proyecto/CDSI/SEMANA 2/Tiempo de Rol de Gerente de Calidad y Procesos" start="@1582921100765" delta="3" />
  <time id="15" path="/Proyecto/CDSI/SEMANA 1/Reunion con el cliente para validacion de Plan de proyecto" start="@1583252301925" delta="7" />
  <time id="16" path="/Proyecto/CDSI/SEMANA 1/Reunion con el cliente para validacion de Plan de proyecto" start="@1583252716620" delta="50" interrupt="82" />
  <time id="17" path="/Proyecto/CDSI/SEMANA 2/Reunion de equipo" start="@1583260670752" delta="28" />
  <time id="18" path="/Proyecto/CDSI/SEMANA 1/Reunion con el cliente para validacion de Plan de proyecto" start="@1583262343477" delta="5" />
  <time id="19" path="/Proyecto/CDSI/SEMANA 1/Revicion de SRS" start="@1583425231590" delta="32" />
  <time id="20" path="/Proyecto/CDSI/SEMANA 1/Revicion de SRS" start="@1583427137581" delta="29" interrupt="64" />
  <time id="21" path="/Proyecto/CDSI/SEMANA 3/Investigacion sobre google maps" start="@1583433066178" delta="30" />
  <time id="22" path="/Proyecto/CDSI/SEMANA 3/Investigacion sobre uso de Android Studio" start="@1583434881761" delta="89" />
  <time id="23" path="/Proyecto/CDSI/SEMANA 3/Investigacion de api que trabajen offline" start="@1583471451054" delta="35" />
  <time id="24" path="/Proyecto/CDSI/SEMANA 3/Investigacion de api que trabajen offline" start="@1583473582557" delta="16" />
  <time id="25" path="/Proyecto/CDSI/SEMANA 3/Tiempo de Rol de Gerente de Calidad y Procesos" start="@1583687750560" delta="55" />
  <time id="26" path="/Proyecto/CDSI/SEMANA 3/Reunion de equipo" start="@1583691050787" delta="50" />
  <time id="27" path="/Proyecto/CDSI/SEMANA 3/Preparacion para la reunion de equipo" start="@1583694083673" delta="47" />
  <time id="28" path="/Proyecto/CDSI/SEMANA 3/Preparacion para la reunion con el cliente" start="@1583696927312" delta="19" />
  <time id="29" path="/Proyecto/CDSI/SEMANA 3/Preparacion para la reunion con el cliente" start="@1583698161716" delta="11" />
  <time id="30" path="/Proyecto/CDSI/SEMANA 3/Preparacion para la reunion de equipo" start="@1583698843182" delta="6" />
  <time id="31" path="/Proyecto/CDSI/SEMANA 2/Hablar sobre cambios de diseno" start="@1583727419104" delta="7" />
  <time id="32" path="/Proyecto/CDSI/SEMANA 2/Retroalimentacion del Proyecto" start="@1583727851379" delta="55" />
  <time id="33" path="/Proyecto/CDSI/SEMANA 2/Instalacion de Softwares Necesarios para el desarrollo" start="@1583731222730" delta="48" />
  <time id="34" path="/Proyecto/CDSI/SEMANA 3/Reunion con el cliente Para mostrarle protoipo explorativo (mockup)" start="@1583734113112" delta="11" />
  <time id="35" path="/Proyecto/CDSI/SEMANA 2/Instalacion de Softwares Necesarios para el desarrollo" start="@1583734760302" delta="1" />
  <time id="36" path="/Proyecto/CDSI/SEMANA 3/Overhead" start="@1583734798742" delta="1" />
  <time id="37" path="/Proyecto/CDSI/SEMANA 3/Reunion con el cliente Para mostrarle protoipo explorativo (mockup)" start="@1583734806154" delta="5" />
  <time id="38" path="/Proyecto/CDSI/SEMANA 3/Reunion con el cliente Para mostrarle protoipo explorativo (mockup)" start="@1583735131035" delta="13" />
  <time id="39" path="/Proyecto/CDSI/SEMANA 3/Revidion de historias de usuario" start="@1583735913517" delta="2" />
  <time id="40" path="/Proyecto/CDSI/SEMANA 3/Reunion con el cliente Para mostrarle protoipo explorativo (mockup)" start="@1583772685462" delta="12" />
  <time id="41" path="/Proyecto/CDSI/SEMANA 3/Preparacion para la reunion de equipo" start="@1583773403762" delta="1" />
  <time id="42" path="/Proyecto/CDSI/SEMANA 2/Hablar sobre cambios de diseno" start="@1583773409944" delta="17" />
  <time id="43" path="/Proyecto/CDSI/SEMANA 3/Revidion de historias de usuario" start="@1583774433095" delta="21" />
  <time id="44" path="/Proyecto/CDSI/SEMANA 3/Reunion con el cliente Para mostrarle protoipo explorativo (mockup)" start="@1583789252854" delta="28" />
  <time id="45" path="/Proyecto/CDSI/SEMANA 2/Revision de SAS" start="@1583899987001" delta="7" />
  <time id="46" path="/Proyecto/CDSI/SEMANA 3/Reunion de equipo" start="@1583900434685" delta="1" />
  <time id="47" path="/Proyecto/CDSI/SEMANA 2/Revision de SAS" start="@1583900442370" delta="34" />
  <time id="48" path="/Proyecto/CDSI/SEMANA 2/Revision de SAS" start="@1583902477821" delta="22" />
  <time id="49" path="/Proyecto/CDSI/SEMANA 4/Capacitacion sobre uso de Android Studio" start="@1583944520216" delta="133" interrupt="254" />
  <time id="50" path="/Proyecto/CDSI/SEMANA 4/Capacitacion de Java" start="@1583967783429" delta="11" />
  <time id="51" path="/Proyecto/CDSI/SEMANA 4/Correcion  de Mockup con retroalimentacion del cliente" start="@1583968430174" delta="20" />
  <time id="52" path="/Proyecto/CDSI/SEMANA 4/Tiempo de Rol de Gerente de Calidad y Procesos" start="@1583969625875" delta="90" />
  <time id="53" path="/Proyecto/CDSI/SEMANA 4/Capacitacion de Java" start="@1583972427596" delta="42" />
  <time id="54" path="/Proyecto/CDSI/SEMANA 4/Capacitacion de Java" start="@1583978518325" delta="24" />
  <time id="55" path="/Proyecto/CDSI/SEMANA 4/Capacitacion de Java" start="@1583979976597" delta="49" />
  <time id="56" path="/Proyecto/CDSI/SEMANA 4/Capacitacion sobre uso de Android Studio" start="@1583982912082" delta="1" />
  <time id="57" path="/Proyecto/CDSI/SEMANA 4/Overhead" start="@1583982919569" delta="1" />
  <time id="58" path="/Proyecto/CDSI/SEMANA 4/Tiempo de Rol de Gerente de Calidad y Procesos" start="@1583982921730" />
  <time id="59" path="/Proyecto/CDSI/SEMANA 4/Correcion  de Mockup con retroalimentacion del cliente" start="@1584162376294" delta="14" />
  <time id="60" path="/Proyecto/CDSI/SEMANA 4/Preparacion para la reunion de equipo" start="@1584163201094" delta="73" />
  <time id="61" path="/Proyecto/CDSI/SEMANA 5/Tiempo de Rol de Gerente de Calidad y Procesos (5)" start="@1584462193656" delta="24" />
  <time id="62" path="/Proyecto/CDSI/SEMANA 5/Tiempo de Rol de Gerente de Calidad y Procesos (5)" start="@1584469426229" delta="1" />
  <time id="63" path="/Proyecto/CDSI/SEMANA 5/Tiempo de Rol de Gerente de Calidad y Procesos (5)" start="@1584469498399" delta="18" interrupt="34" />
  <time id="64" path="/Proyecto/CDSI/SEMANA 5/Instalacion de base de datos del cliente en un servidor local" start="@1584472648496" />
  <time id="65" path="/Proyecto/CDSI/SEMANA 5/Investigacion de libreria Open Street Map" start="@1584554741363" delta="628" />
  <time id="66" path="/Proyecto/CDSI/SEMANA 5/Tiempo de Rol de Gerente de Calidad y Procesos (5)" start="@1584592515648" delta="2" />
  <time id="67" path="/Proyecto/CDSI/SEMANA 5/Overhead (5)" start="@1584592617864" delta="1" />
  <time id="68" path="/Proyecto/CDSI/SEMANA 5/Investigacion de libreria Open Street Map" start="@1584592624744" delta="1" />
  <time id="69" path="/Proyecto/CDSI/SEMANA 5/Instalacion de base de datos del cliente en un servidor local" start="@1584592629194" />
  <time id="70" path="/Proyecto/CDSI/SEMANA 5/Instalacion de base de datos del cliente en un servidor local" start="@1584593171099" delta="90" />
  <time id="71" path="/Proyecto/CDSI/SEMANA 5/Tiempo de Rol de Gerente de Calidad y Procesos (5)" start="@1584593551944" />
  <time id="72" path="/Proyecto/CDSI/SEMANA 5/Preparacion para la reunion de equipo (4)" start="@1584593565635" delta="3" />
  <time id="73" path="/Proyecto/CDSI/SEMANA 5/Preparacion para la reunion de equipo (4)" start="@1584593757316" delta="11" />
  <time id="74" path="/Proyecto/CDSI/SEMANA 5/Preparacion para la reunion de equipo (4)" start="@1584594427391" delta="10" />
  <time id="75" path="/Proyecto/CDSI/SEMANA 6/Capasitacion con la base de datos del cliente" start="@1584983994273" delta="40" />
  <time id="76" path="/Proyecto/CDSI/SEMANA 6/Capasitacion con la base de datos del cliente" start="@1584986400522" delta="47" />
  <time id="77" path="/Proyecto/CDSI/SEMANA 6/Pruebas de integracion con el proyecti de brenda" start="@1584989224994" delta="26" />
  <time id="78" path="/Proyecto/CDSI/SEMANA 6/Pruebas de la coneccion de BD" start="@1584990762740" delta="8" />
  <time id="79" path="/Proyecto/CDSI/SEMANA 6/Pruebas de la coneccion de BD" start="@1585290671106" delta="15" />
  <time id="80" path="/Proyecto/CDSI/SEMANA 6/Pruebas de la coneccion de BD" start="@1585291630900" delta="5" />
  <time id="81" path="/Proyecto/CDSI/SEMANA 6/Tiempo de Rol de Gerente de Calidad y Procesos (6)" start="@1585334318683" />
  <time id="82" path="/Proyecto/CDSI/SEMANA 6/Capasitacion con la base de datos del cliente" start="@1585335620048" delta="1" />
  <time id="83" path="/Proyecto/CDSI/SEMANA 6/Pruebas de integracion con el proyecti de brenda" start="@1585335623905" delta="1" />
  <time id="84" path="/Proyecto/CDSI/SEMANA 6/Implementacion del diseño en el proyecto" start="@1585335627345" delta="41" />
  <time id="85" path="/Proyecto/CDSI/SEMANA 6/Reunion con el cliente para revisar mockup explorativo por ultima vez" start="@1585338105657" delta="60" />
  <time id="86" path="/Proyecto/CDSI/SEMANA 6/Tiempo de Rol de Gerente de Calidad y Procesos (6)" start="@1585341728376" delta="60" />
  <time id="87" path="/Proyecto/CDSI/SEMANA 6/Preparacion para la reunion con el cliente (2)" start="@1585358625848" delta="20" />
  <time id="88" path="/Proyecto/CDSI/SEMANA 6/Pruebas de la coneccion de BD" start="@1585359859524" delta="23" />
  <time id="89" path="/Proyecto/CDSI/SEMANA 6/Preparacion para la reunion de equipo (5)" start="@1585361245638" delta="12" />
  <time id="90" path="/Proyecto/CDSI/SEMANA 6/Overhead (6)" start="@1585361954350" delta="1" />
  <time id="91" path="/Proyecto/CDSI/SEMANA 6/Preparacion para la reunion de equipo (5)" start="@1585361990552" delta="10" />
  <time id="92" path="/Proyecto/CDSI/SEMANA 6/Capasitacion con la base de datos del cliente" start="@1585362584679" delta="10" />
  <time id="93" path="/Proyecto/CDSI/SEMANA 6/Preparacion para la reunion con el cliente (2)" start="@1585363276493" delta="5" />
  <time id="94" path="/Proyecto/CDSI/SEMANA 6/Reunion con el cliente para revisar mockup explorativo por ultima vez" start="@1585363578635" delta="5" />
  <time id="95" path="/Proyecto/CDSI/SEMANA 7/Busqueda de Librerias" start="@1585363914516" delta="54" />
  <time id="96" path="/Proyecto/CDSI/SEMANA 7/Busqueda de Librerias" start="@1585367167690" delta="24" />
  <time id="97" path="/Proyecto/CDSI/SEMANA 7/Obtener APIS KEY'S de google" start="@1585418917083" delta="124" />
  <time id="98" path="/Proyecto/CDSI/SEMANA 7/Pruebas de integracion de Apis" start="@1585426352373" delta="66" />
  <time id="99" path="/Proyecto/CDSI/SEMANA 7/Obtener APIS KEY'S de google" start="@1585430312781" delta="1" />
  <time id="100" path="/Proyecto/CDSI/SEMANA 7/Tiempo de Rol de Gerente de Calidad y Procesos (7)" start="@1585765708938" delta="55" />
  <time id="101" path="/Proyecto/CDSI/SEMANA 7/Pruebas de integracion de Apis" start="@1585769016159" delta="32" />
  <time id="102" path="/Proyecto/CDSI/SEMANA 7/Busqueda de Librerias" start="@1585770953560" delta="3" />
  <time id="103" path="/Proyecto/CDSI/SEMANA 7/Preparacion para la reunion de equipo (6)" start="@1585771111503" delta="2" />
  <time id="104" path="/Proyecto/CDSI/SEMANA 7/Busqueda de Librerias" start="@1585771334636" delta="1" />
  <time id="105" path="/Proyecto/CDSI/SEMANA 7/Preparacion para la reunion de equipo (6)" start="@1585771343826" delta="1" />
  <time id="106" path="/Proyecto/CDSI/SEMANA 5/Reunion de equipo (5)" start="@1585771424769" />
  <time id="107" path="/Proyecto/CDSI/SEMANA 7/Preparacion para la reunion de equipo (6)" start="@1585771449179" delta="18" />
  <time id="108" path="/Proyecto/CDSI/SEMANA 6/Reunion de equipo (6)" start="@1585772586689" />
  <time id="109" path="/Proyecto/CDSI/SEMANA 4/Reunion de equipo" start="@1585772633267" delta="1" />
  <time id="110" path="/Proyecto/CDSI/SEMANA 7/Preparacion para la reunion de equipo (6)" start="@1585772650698" delta="5" />
  <time id="111" path="/Proyecto/CDSI/SEMANA 6/Reunion de equipo (6)" start="@1585772950047" />
  <time id="112" path="/Proyecto/CDSI/SEMANA 6/Reunion de equipo (6)" start="@1585773185488" />
  <time id="113" path="/Proyecto/CDSI/SEMANA 6/Reunion de equipo (6)" start="@1585773297363" />
  <time id="114" path="/Proyecto/CDSI/SEMANA 6/Reunion de equipo (6)" start="@1585774223000" />
  <time id="115" path="/Proyecto/CDSI/SEMANA 7/Reunion de equipo (7)" start="@1585776125095" delta="1" />
  <time id="116" path="/Proyecto/CDSI/SEMANA 8/Agregar Mapa al Fragment" start="@1586215522257" delta="53" />
  <time id="117" path="/Proyecto/CDSI/SEMANA 8/Overhead (8)" start="@1586218721828" delta="1" />
  <time id="118" path="/Proyecto/CDSI/SEMANA 8/Pruebas de las configuraciones del mapa" start="@1586218727042" delta="134" />
  <time id="119" path="/Proyecto/CDSI/SEMANA 8/Configurar Zoom de inicio de mapa" start="@1586226757453" delta="23" interrupt="1" />
  <time id="120" path="/Proyecto/CDSI/SEMANA 8/Configurar Zoom de inicio de mapa" start="@1586231089822" delta="49" />
  <time id="121" path="/Proyecto/CDSI/SEMANA 8/Agregar Mapa al Fragment" start="@1586234009534" delta="39" />
  <time id="122" path="/Proyecto/CDSI/SEMANA 8/Tiempo de Rol de Gerente de Calidad y Procesos (8)" start="@1586393662106" delta="42" />
  <time id="123" path="/Proyecto/CDSI/SEMANA 7/Reunion de equipo (7)" start="@1586396222991" delta="49" />
  <time id="124" path="/Proyecto/CDSI/SEMANA 8/Preparacion para la reunion de equipo (7)" start="@1586399194123" delta="22" interrupt="90" />
  <time id="125" path="/Proyecto/CDSI/SEMANA 8/Tiempo de Rol de Gerente de Calidad y Procesos (8)" start="@1586405905548" delta="2" />
  <time id="126" path="/Proyecto/CDSI/SEMANA 8/Configurar Zoom de inicio de mapa" start="@1586406040650" delta="24" />
  <time id="127" path="/Proyecto/CDSI/SEMANA 4/Reunion de equipo" start="@1586407503322" delta="43" />
  <time id="128" path="/Proyecto/CDSI/SEMANA 5/Reunion de equipo (5)" start="@1586410078150" delta="60" />
  <time id="129" path="/Proyecto/CDSI/SEMANA 6/Reunion de equipo (6)" start="@1586412521172" delta="60" />
  <time id="130" path="/Proyecto/CDSI/SEMANA 9/Pruebas de Integracion de valores de la BD" start="@1588008962565" delta="86" />
  <time id="131" path="/Proyecto/CDSI/SEMANA 9/Pruebas de trazado de rutas" start="@1588014109940" delta="130" />
  <time id="132" path="/Proyecto/CDSI/SEMANA 9/Revision de Historia de Usuario Rutas" start="@1588021903492" delta="48" />
  <time id="133" path="/Proyecto/CDSI/SEMANA 9/Pruebas de Integracion de valores de la BD" start="@1588024779554" delta="1" />
  <time id="134" path="/Proyecto/CDSI/SEMANA 9/Revision de Historia de Usuario Rutas" start="@1588024819975" delta="36" />
  <time id="135" path="/Proyecto/CDSI/SEMANA 9/Tiempo de Rol de Gerente de Calidad y Procesos (9)" start="@1588026968006" delta="55" />
  <time id="136" path="/Proyecto/CDSI/SEMANA 9/Preparacion para la reunion de equipo (8)" start="@1588030258243" delta="36" />
  <time id="137" path="/Proyecto/CDSI/SEMANA 8/Reunion de equipo (8)" start="@1588032431175" delta="1" />
  <time id="138" path="/Proyecto/CDSI/SEMANA 10/Tiempo de Rol de Gerente de Calidad y Procesos (10)" start="@1588111871946" delta="32" />
  <time id="139" path="/Proyecto/CDSI/SEMANA 10/Reunion con el cliente para primera entrega de proyecto" start="@1588176666777" delta="69" />
  <time id="140" path="/Proyecto/CDSI/SEMANA 10/Integrar aplicacion a sistema de cliente" start="@1588180828538" delta="4" />
  <time id="141" path="/Proyecto/CDSI/SEMANA 10/Integrar aplicacion a sistema de cliente" start="@1588181051578" delta="228" />
  <time id="142" path="/Proyecto/CDSI/SEMANA 11/Realizar Pruebas de la aplicacion Con la finaliad de encontrar errores" start="@1588194764149" delta="210" interrupt="1" />
  <time id="143" path="/Proyecto/CDSI/SEMANA 11/Revision de documentos" start="@1588208906860" delta="78" />
  <time id="144" path="/Proyecto/CDSI/SEMANA 11/Recoleccion de datos del sistema del cliente" start="@1588213606514" delta="95" />
  <time id="145" path="/Proyecto/CDSI/SEMANA 11/Tiempo de Rol de Gerente de Calidad y Procesos (11)" start="@1588219345083" delta="54" />
  <time id="146" path="/Proyecto/CDSI/SEMANA 11/Preparacion para la reunion de equipo (10)" start="@1588222610492" delta="24" />
  <time id="147" path="/Proyecto/CDSI/SEMANA 10/Preparacion para la reunion de equipo (9)" start="@1588224052923" delta="28" />
  <time id="148" path="/Proyecto/CDSI/SEMANA 10/Reunion de equipo (10)" start="@1588225725249" delta="4" />
  <time id="149" path="/Proyecto/CDSI/SEMANA 9/Reunion de equipo (9)" start="@1588267548018" delta="39" />
  <time id="150" path="/Proyecto/CDSI/SEMANA 10/Reunion de equipo (10)" start="@1588269881611" delta="46" />
  <time id="151" path="/Proyecto/CDSI/SEMANA 10/Preparacion para la reunion con el cliente (3)" start="@1588272653134" delta="54" />
  <time id="152" path="/Proyecto/CDSI/SEMANA 8/Reunion de equipo (8)" start="@1588300635588" delta="28" />
  <time id="153" path="/Proyecto/CDSI/SEMANA 8/Reunion de equipo (8)" start="@1588302472126" delta="35" />
  <time id="154" path="/Proyecto/CDSI/SEMANA 9/Reunion de equipo (9)" start="@1588304596240" delta="6" />
  <time id="155" path="/Proyecto/CDSI/SEMANA 10/Tiempo de Rol de Gerente de Calidad y Procesos (10)" start="@1588304937525" delta="12" />
  <time id="156" path="/Proyecto/CDSI/SEMANA 11/Reunion de equipo (11)" start="@1588339326426" delta="31" />
  <time id="157" path="/Proyecto/CDSI/SEMANA 11/Reunion de equipo (11)" start="@1588343361228" delta="19" />
  <time id="158" path="/Proyecto/CDSI/SEMANA 12/Recoleccion de datos del sistema del cliente (2)" start="@1588614095883" delta="123" />
  <time id="159" path="/Proyecto/CDSI/SEMANA 12/Correccion y,o mejora del sistema del cliente" start="@1588621503185" delta="220" />
  <time id="160" path="/Proyecto/CDSI/SEMANA 12/Tiempo de Rol de Gerente de Calidad y Procesos (12)" start="@1588874371859" delta="51" />
  <time id="161" path="/Proyecto/CDSI/SEMANA 12/Overhead (12)" start="@1588877415894" delta="55" />
  <time id="162" path="/Proyecto/CDSI/SEMANA 12/Preparacion para la reunion de equipo (11)" start="@1588902341696" delta="25" />
  <time id="163" path="/Proyecto/CDSI/SEMANA 13/Preparacion para la reunion de equipo (12)" start="@1588903848099" delta="30" />
  <time id="164" path="/Proyecto/CDSI/SEMANA 10/Reunion con el cliente para primera entrega de proyecto" start="@1589213549507" delta="18" />
  <time id="165" path="/Proyecto/CDSI/SEMANA 12/Reunion de equipo (12)" start="@1589250151405" delta="1" />
  <time id="166" path="/Proyecto/CDSI/SEMANA 13/Tiempo de Rol de Gerente de Calidad y Procesos (13)" start="@1589393720617" delta="51" />
  <time id="167" path="/Proyecto/CDSI/SEMANA 13/Overhead (13)" start="@1589396761657" delta="64" />
  <time id="168" path="/Proyecto/CDSI/SEMANA 12/Reunion de equipo (12)" start="@1589521104847" delta="55" />
  <time id="169" path="/Proyecto/CDSI/SEMANA 14/Tiempo de Rol de Gerente de Calidad y Procesos (14)" start="@1590080564304" delta="51" />
  <time id="170" path="/Proyecto/CDSI/SEMANA 14/Overhead (14)" start="@1590083629312" delta="147" />
  <time id="171" path="/Proyecto/CDSI/SEMANA 14/Overhead (14)" start="@1590092458465" delta="28" />
  <time id="172" path="/Proyecto/CDSI/SEMANA 14/Preparacion para la reunion de equipo (13)" start="@1590094179908" delta="2" />
  <time id="173" path="/Proyecto/CDSI/SEMANA 14/Preparacion para la reunion de equipo (13)" start="@1590097484458" delta="25" />
  <time id="174" path="/Proyecto/CDSI/SEMANA 14/Overhead (14)" start="@1590098986059" delta="34" interrupt="3" />
  <time id="175" path="/Proyecto/CDSI/SEMANA 14/Tiempo de Rol de Gerente de Calidad y Procesos (14)" start="@1590101734675" delta="6" />
  <time id="176" path="/Proyecto/CDSI/SEMANA 4/Tiempo de Rol de Gerente de Calidad y Procesos" start="@1590102279692" />
  <time id="177" path="/Proyecto/CDSI/SEMANA 4/Tiempo de Rol de Gerente de Calidad y Procesos" start="@1590102328918" />
  <time id="178" path="/Proyecto/CDSI/SEMANA 4/Tiempo de Rol de Gerente de Calidad y Procesos" start="@1590102366000" />
  <time id="179" path="/Proyecto/CDSI/SEMANA 4/Tiempo de Rol de Gerente de Calidad y Procesos" start="@1590102395112" />
  <time id="180" path="/Proyecto/CDSI/SEMANA 4/Tiempo de Rol de Gerente de Calidad y Procesos" start="@1590102454574" />
  <time id="181" path="/Proyecto/CDSI/SEMANA 4/Tiempo de Rol de Gerente de Calidad y Procesos" start="@1590102526786" />
  <time id="182" path="/Proyecto/CDSI/SEMANA 13/Revisar Manual de Mantenimiento" start="@1590712424000" delta="120" />
  <time id="183" path="/Proyecto/CDSI/SEMANA 13/Revisar manual de operaciones" start="@1590701665000" delta="149" />
  <time id="184" path="/Proyecto/CDSI/SEMANA 13/Revisar Manual de Usuario" start="@1590676500000" delta="119" />
  <time id="185" path="/Proyecto/CDSI/SEMANA 13/Reunion de equipo (13)" start="@1590208628000" delta="60" />
  <time id="186" path="/Proyecto/CDSI/SEMANA 14/Reunion de equipo (14)" start="@1590727093000" delta="60" />
  <time id="187" path="/Proyecto/CDSI/SEMANA 14/Reunion con el ciente para Dar fin a proyecto" start="@1590599727000" delta="89" />
  <time id="189" path="/Proyecto/CDSI/SEMANA 14/Capacitación para el uso del sistema" start="@1590637331000" delta="60" />
  <time id="190" path="/Proyecto/CDSI/SEMANA 14/Validación por el cliente" start="@1590630170000" delta="28" />
  <time id="191" path="/Proyecto/CDSI/SEMANA 14/Preparacion para reunion con el cliente para entrega final de proyecto" start="@1590507828000" delta="60" />
</timeLogEntries>
