<?xml version='1.0' encoding='UTF-8' ?>
<timeLogEntries>
  <time id="1" path="/Proyecto/CDSI/SEMANA 1/Tiempo de Rol de Gerente de Planeacion" start="@1582735360699" delta="20" />
  <time id="2" path="/Proyecto/CDSI/SEMANA 1/Tiempo de Rol de Gerente de Planeacion" start="@1582737534452" delta="31" />
  <time id="3" path="/Proyecto/CDSI/SEMANA 1/Tiempo de Rol de Gerente de Planeacion" start="@1582741336648" delta="35" />
  <time id="4" path="/Proyecto/CDSI/SEMANA 2/Preparacion para la reunion de equipo" start="@1582822291071" delta="1" />
  <time id="5" path="/Proyecto/CDSI/SEMANA 2/Preparacion para la reunion de equipo" start="@1582829691683" delta="31" />
  <time id="6" path="/Proyecto/CDSI/SEMANA 1/corregir plan de proyecto" start="@1582831603670" delta="58" />
  <time id="7" path="/Proyecto/CDSI/SEMANA 2/Reunion de equipo" start="@1582906931321" delta="7" />
  <time id="8" path="/Proyecto/CDSI/SEMANA 2/Reunion de equipo" start="@1582907355443" delta="21" />
  <time id="9" path="/Proyecto/CDSI/SEMANA 1/Reunion con el cliente para validacion de Plan de proyecto" start="@1583172414548" delta="32" />
  <time id="10" path="/Proyecto/CDSI/SEMANA 1/Reunion con el cliente para validacion de Plan de proyecto" start="@1583368665185" delta="9" />
  <time id="11" path="/Proyecto/CDSI/SEMANA 2/Reunion de equipo" start="@1583369253981" delta="35" />
  <time id="12" path="/Proyecto/CDSI/SEMANA 1/Creacion de documento SRS" start="@1583371390472" delta="61" />
  <time id="13" path="/Proyecto/CDSI/SEMANA 3/Investigacion sobre google maps" start="@1583375099707" delta="30" />
  <time id="14" path="/Proyecto/CDSI/SEMANA 3/Investigacion sobre uso de Android Studio" start="@1583376893945" delta="21" />
  <time id="15" path="/Proyecto/CDSI/SEMANA 3/Reunion con el cliente Para mostrarle protoipo explorativo (mockup)" start="@1583435813532" delta="40" />
  <time id="16" path="/Proyecto/CDSI/SEMANA 3/Investigacion sobre uso de Android Studio" start="@1583770766545" delta="2" />
  <time id="17" path="/Proyecto/CDSI/SEMANA 3/Investigacion de Java" start="@1583770888765" delta="18" />
  <time id="18" path="/Proyecto/CDSI/SEMANA 3/Reunion con el cliente Para mostrarle protoipo explorativo (mockup)" start="@1583771953718" delta="1" />
  <time id="19" path="/Proyecto/CDSI/SEMANA 3/Investigacion de Java" start="@1583771961375" delta="20" />
  <time id="20" path="/Proyecto/CDSI/SEMANA 3/Investigacion de api que trabajen offline" start="@1583773139776" delta="17" />
  <time id="21" path="/Proyecto/CDSI/SEMANA 3/Investigacion de api que trabajen offline" start="@1583774664029" delta="4" />
  <time id="22" path="/Proyecto/CDSI/SEMANA 3/Preparacion para la reunion con el cliente" start="@1583774918421" delta="17" />
  <time id="23" path="/Proyecto/CDSI/SEMANA 3/Investigacion de api que trabajen offline" start="@1583815210097" delta="31" />
  <time id="24" path="/Proyecto/CDSI/SEMANA 3/Preparacion para la reunion con el cliente" start="@1583817053978" delta="7" />
  <time id="25" path="/Proyecto/CDSI/SEMANA 3/Preparacion para la reunion con el cliente" start="@1583817466875" delta="5" />
  <time id="26" path="/Proyecto/CDSI/SEMANA 3/Preparacion para la reunion con el cliente" start="@1583817769650" delta="1" />
  <time id="27" path="/Proyecto/CDSI/SEMANA 3/Reunion con el cliente Para mostrarle protoipo explorativo (mockup)" start="@1583817836728" delta="50" />
  <time id="28" path="/Proyecto/CDSI/SEMANA 3/Investigacion de Java" start="@1583820869207" delta="23" />
  <time id="29" path="/Proyecto/CDSI/SEMANA 3/Investigacion de api que trabajen offline" start="@1583822246798" delta="2" />
  <time id="30" path="/Proyecto/CDSI/SEMANA 1/Correccion de SRS" start="@1583822381647" delta="3" />
  <time id="31" path="/Proyecto/CDSI/SEMANA 1/Correccion de SRS" start="@1583822622592" delta="506" />
  <time id="32" path="/Proyecto/CDSI/SEMANA 2/Diseno de mockup" start="@1583864294810" delta="522" />
  <time id="33" path="/Proyecto/CDSI/SEMANA 2/Retroalimentacion del Proyecto" start="@1583895618653" delta="69" />
  <time id="34" path="/Proyecto/CDSI/SEMANA 2/Estudio de documentacion (Lineamiento para la operacion y cumplimiento del trazo de rutas)" start="@1583899767660" delta="1" />
  <time id="35" path="/Proyecto/CDSI/SEMANA 2/Estudio de documentacion (Lineamiento para la operacion y cumplimiento del trazo de rutas)" start="@1583899867684" delta="47" />
  <time id="36" path="/Proyecto/CDSI/SEMANA 2/Estudio de documentacion (Lineamiento para la operacion y cumplimiento del trazo de rutas)" start="@1583904648222" delta="7" />
  <time id="37" path="/Proyecto/CDSI/SEMANA 2/Retroalimentacion del Proyecto" start="@1583942724218" delta="3" />
  <time id="38" path="/Proyecto/CDSI/SEMANA 2/Retroalimentacion del Proyecto" start="@1583942908167" delta="17" />
  <time id="39" path="/Proyecto/CDSI/SEMANA 2/Hablar sobre cambios de diseno" start="@1583943953489" delta="3" />
  <time id="40" path="/Proyecto/CDSI/SEMANA 2/Hablar sobre cambios de diseno" start="@1583944182379" delta="22" />
  <time id="41" path="/Proyecto/CDSI/SEMANA 2/Hablar sobre cambios de diseno" start="@1583949766546" delta="6" />
  <time id="42" path="/Proyecto/CDSI/SEMANA 2/Tiempo de Rol de Gerente de Planeacion" start="@1583950125530" delta="90" />
  <time id="43" path="/Proyecto/CDSI/SEMANA 2/Creacion de SAS" start="@1583955538906" delta="62" />
  <time id="44" path="/Proyecto/CDSI/SEMANA 2/Correcion de SAS" start="@1583959308803" delta="11" />
  <time id="45" path="/Proyecto/CDSI/SEMANA 2/Correcion de SAS" start="@1583973319450" delta="49" />
  <time id="46" path="/Proyecto/CDSI/SEMANA 3/Investigacion sobre uso de Android Studio" start="@1583976276811" delta="6" />
  <time id="47" path="/Proyecto/CDSI/SEMANA 3/Investigacion sobre uso de Android Studio" start="@1583976671913" delta="1" />
  <time id="48" path="/Proyecto/CDSI/SEMANA 3/Investigacion de api que trabajen offline" start="@1583976742337" delta="9" />
  <time id="49" path="/Proyecto/CDSI/SEMANA 3/Creacion de documento Historias de usuario" start="@1583977291249" delta="30" />
  <time id="50" path="/Proyecto/CDSI/SEMANA 3/Overhead" start="@1583979112459" delta="16" />
  <time id="51" path="/Proyecto/CDSI/SEMANA 4/Capacitacion sobre uso de Android Studio" start="@1583980061523" delta="62" />
  <time id="52" path="/Proyecto/CDSI/SEMANA 4/Capacitacion de Java" start="@1583983752952" delta="142" />
  <time id="53" path="/Proyecto/CDSI/SEMANA 4/Correcion  de Mockup con retroalimentacion del cliente" start="@1583992272365" delta="1" />
  <time id="54" path="/Proyecto/CDSI/SEMANA 4/Correcion  de Mockup con retroalimentacion del cliente" start="@1584033821344" delta="6" />
  <time id="55" path="/Proyecto/CDSI/SEMANA 4/Correcion  de Mockup con retroalimentacion del cliente" start="@1584034210915" delta="23" />
  <time id="56" path="/Proyecto/CDSI/SEMANA 4/Overhead" start="@1584035593248" />
  <time id="57" path="/Proyecto/CDSI/SEMANA 2/Overhead" start="@1584411099392" delta="58" />
  <time id="58" path="/Proyecto/CDSI/SEMANA 3/Preparacion para la reunion de equipo" start="@1584414616936" delta="22" />
  <time id="59" path="/Proyecto/CDSI/SEMANA 3/Tiempo de Rol de Gerente de Planeacion" start="@1584415920037" delta="90" />
  <time id="60" path="/Proyecto/CDSI/SEMANA 3/Tiempo de Rol de Gerente de Planeacion" start="@1584419702140" />
  <time id="61" path="/Proyecto/CDSI/SEMANA 3/Reunion de equipo" start="@1584419714840" delta="58" />
  <time id="62" path="/Proyecto/CDSI/SEMANA 3/Overhead" start="@1584419723480" delta="1" />
  <time id="63" path="/Proyecto/CDSI/SEMANA 4/Overhead" start="@1584419729868" delta="90" />
  <time id="64" path="/Proyecto/CDSI/SEMANA 4/Tiempo de Rol de Gerente de Planeacion" start="@1584422533186" delta="33" />
  <time id="65" path="/Proyecto/CDSI/SEMANA 4/Tiempo de Rol de Gerente de Planeacion" start="@1584461952161" delta="7" />
  <time id="66" path="/Proyecto/CDSI/SEMANA 4/Tiempo de Rol de Gerente de Planeacion" start="@1584462407592" delta="20" />
  <time id="67" path="/Proyecto/CDSI/SEMANA 5/Investigacion de libreria Open Street Map" start="@1584498792419" delta="163" />
  <time id="68" path="/Proyecto/CDSI/SEMANA 5/Investigacion de libreria Open Street Map" start="@1584562479835" delta="22" />
  <time id="69" path="/Proyecto/CDSI/SEMANA 5/Investigacion de libreria Open Street Map" start="@1584578385112" delta="83" />
  <time id="70" path="/Proyecto/CDSI/SEMANA 5/Investigacion de libreria Open Street Map" start="@1584585896712" delta="2" />
  <time id="71" path="/Proyecto/CDSI/SEMANA 5/Instalacion de base de datos del cliente en un servidor local" start="@1584586023041" delta="105" />
  <time id="72" path="/Proyecto/CDSI/SEMANA 5/Overhead (5)" start="@1584592328311" delta="1" />
  <time id="73" path="/Proyecto/CDSI/SEMANA 5/Overhead (5)" start="@1584592414488" delta="8" />
  <time id="74" path="/Proyecto/CDSI/SEMANA 5/Preparacion para la reunion de equipo (4)" start="@1585022802250" delta="30" />
  <time id="75" path="/Proyecto/CDSI/SEMANA 5/Reunion de equipo (5)" start="@1585022805099" delta="59" />
  <time id="76" path="/Proyecto/CDSI/SEMANA 5/Overhead (5)" start="@1585022811238" delta="50" />
  <time id="77" path="/Proyecto/CDSI/SEMANA 5/Tiempo de Rol de Gerente de Planeacion (5)" start="@1585022814515" />
  <time id="78" path="/Proyecto/CDSI/SEMANA 6/Preparacion para la reunion de equipo (5)" start="@1585023110574" delta="30" />
  <time id="79" path="/Proyecto/CDSI/SEMANA 6/Reunion con el cliente para revisar mockup explorativo por ultima vez" start="@1585276440319" delta="90" />
  <time id="80" path="/Proyecto/CDSI/SEMANA 6/Capasitacion con la base de datos del cliente" start="@1585278746650" delta="77" />
  <time id="81" path="/Proyecto/CDSI/SEMANA 6/Pruebas de integracion con el proyecti de brenda" start="@1585283379054" delta="11" />
  <time id="82" path="/Proyecto/CDSI/SEMANA 6/Pruebas de integracion con el proyecti de brenda" start="@1585353354898" delta="18" interrupt="5" />
  <time id="83" path="/Proyecto/CDSI/SEMANA 6/Implementacion del diseño en el proyecto" start="@1585354764309" delta="62" />
  <time id="84" path="/Proyecto/CDSI/SEMANA 6/Pruebas de la coneccion de BD" start="@1585358465057" delta="47" />
  <time id="85" path="/Proyecto/CDSI/SEMANA 6/Overhead (6)" start="@1585361273748" delta="59" />
  <time id="86" path="/Proyecto/CDSI/SEMANA 6/Tiempo de Rol de Gerente de Planeacion (6)" start="@1585363059155" delta="90" />
  <time id="87" path="/Proyecto/CDSI/SEMANA 6/Tiempo de Rol de Gerente de Planeacion (6)" start="@1585364997388" />
  <time id="88" path="/Proyecto/CDSI/SEMANA 6/Tiempo de Rol de Gerente de Planeacion (6)" start="@1585369625824" />
  <time id="89" path="/Proyecto/CDSI/SEMANA 7/Agregar librerias seleccionadas(UTILS Y VOLLEY)" start="@1585450837587" delta="85" />
  <time id="90" path="/Proyecto/CDSI/SEMANA 7/Integrar APIs and Keys al proyecto" start="@1585621055696" delta="108" />
  <time id="91" path="/Proyecto/CDSI/SEMANA 7/Integrar APIs and Keys al proyecto" start="@1585627538153" delta="13" />
  <time id="92" path="/Proyecto/CDSI/SEMANA 7/Agregar permisos (Internet, Ubicación, etc)" start="@1585784671445" delta="152" />
  <time id="93" path="/Proyecto/CDSI/SEMANA 7/Overhead (7)" start="@1585793796401" delta="28" />
  <time id="94" path="/Proyecto/CDSI/SEMANA 7/Tiempo de Rol de Gerente de Planeacion (7)" start="@1585795459190" delta="93" />
  <time id="95" path="/Proyecto/CDSI/SEMANA 7/Overhead (7)" start="@1585801065998" delta="33" />
  <time id="96" path="/Proyecto/CDSI/SEMANA 7/Preparacion para la reunion de equipo (6)" start="@1585969601732" delta="30" />
  <time id="97" path="/Proyecto/CDSI/SEMANA 8/Agregar Mapa al Fragment" start="@1586384186923" delta="90" />
  <time id="98" path="/Proyecto/CDSI/SEMANA 8/Configurar Zoom de inicio de mapa" start="@1586389617969" delta="120" />
  <time id="99" path="/Proyecto/CDSI/SEMANA 8/Pruebas de las configuraciones del mapa" start="@1586396941623" delta="90" />
  <time id="100" path="/Proyecto/CDSI/SEMANA 8/Pruebas de las configuraciones del mapa" start="@1586564987152" delta="60" />
  <time id="101" path="/Proyecto/CDSI/SEMANA 8/Overhead (8)" start="@1586568994886" delta="60" />
  <time id="102" path="/Proyecto/CDSI/SEMANA 8/Tiempo de Rol de Gerente de Planeacion (8)" start="@1586574518871" delta="30" />
  <time id="103" path="/Proyecto/CDSI/SEMANA 8/Tiempo de Rol de Gerente de Planeacion (8)" start="@1587600249226" delta="60" />
  <time id="104" path="/Proyecto/CDSI/SEMANA 8/Preparacion para la reunion de equipo (7)" start="@1587604075165" delta="30" />
  <time id="105" path="/Proyecto/CDSI/SEMANA 8/Reunion de equipo (8)" start="@1587741123854" />
  <time id="106" path="/Proyecto/CDSI/SEMANA 8/Reunion de equipo (8)" start="@1588038458314" delta="60" />
  <time id="107" path="/Proyecto/CDSI/SEMANA 9/Pruebas de Integracion de valores de la BD" start="@1588042245581" delta="48" />
  <time id="108" path="/Proyecto/CDSI/SEMANA 9/Pruebas de Integracion de valores de la BD" start="@1588204568478" delta="72" />
  <time id="109" path="/Proyecto/CDSI/SEMANA 9/Pruebas de trazado de rutas" start="@1588208909060" delta="130" />
  <time id="110" path="/Proyecto/CDSI/SEMANA 9/Modificacion de historia de usuario rutas" start="@1588216732186" delta="90" />
  <time id="111" path="/Proyecto/CDSI/SEMANA 9/Overhead (9)" start="@1588288807483" delta="60" />
  <time id="112" path="/Proyecto/CDSI/SEMANA 9/Tiempo de Rol de Gerente de Planeacion (9)" start="@1588292621430" delta="47" />
  <time id="113" path="/Proyecto/CDSI/SEMANA 9/Pruebas de trazado de rutas" start="@1588295463393" delta="20" />
  <time id="114" path="/Proyecto/CDSI/SEMANA 9/Tiempo de Rol de Gerente de Planeacion (9)" start="@1588296679033" delta="43" />
  <time id="115" path="/Proyecto/CDSI/SEMANA 11/Revision de documentos" start="@1588299030522" delta="90" />
  <time id="116" path="/Proyecto/CDSI/SEMANA 11/Recoleccion de datos del sistema del cliente" start="@1588304345152" delta="3" />
  <time id="117" path="/Proyecto/CDSI/SEMANA 10/Preparacion para la reunion con el cliente (3)" start="@1588304546320" delta="1" />
  <time id="118" path="/Proyecto/CDSI/SEMANA 10/Reunion con el cliente para primera entrega de proyecto" start="@1588304547561" delta="1" />
  <time id="119" path="/Proyecto/CDSI/SEMANA 10/Integrar aplicacion a sistema de cliente" start="@1588304548264" delta="210" />
  <time id="120" path="/Proyecto/CDSI/SEMANA 10/Overhead (10)" start="@1588304549119" delta="60" />
  <time id="121" path="/Proyecto/CDSI/SEMANA 10/Tiempo de Rol de Gerente de Planeacion (10)" start="@1588304549977" />
  <time id="122" path="/Proyecto/CDSI/SEMANA 11/Recoleccion de datos del sistema del cliente" start="@1588304558900" delta="4" />
  <time id="123" path="/Proyecto/CDSI/SEMANA 12/Recoleccion de datos del sistema del cliente (2)" start="@1588304996532" delta="5" />
  <time id="124" path="/Proyecto/CDSI/SEMANA 9/Preparacion para la reunion de equipo (8)" start="@1588635659240" delta="30" />
  <time id="125" path="/Proyecto/CDSI/SEMANA 9/Reunion de equipo (9)" start="@1588637637350" delta="60" />
  <time id="126" path="/Proyecto/CDSI/SEMANA 10/Tiempo de Rol de Gerente de Planeacion (10)" start="@1588642055675" delta="90" />
  <time id="127" path="/Proyecto/CDSI/SEMANA 10/Preparacion para la reunion de equipo (9)" start="@1588646743045" delta="30" />
  <time id="128" path="/Proyecto/CDSI/SEMANA 10/Reunion de equipo (10)" start="@1588648559204" delta="16" />
  <time id="129" path="/Proyecto/CDSI/SEMANA 10/Reunion de equipo (10)" start="@1588900662080" delta="34" />
  <time id="130" path="/Proyecto/CDSI/SEMANA 10/Preparacion para la reunion con el cliente (3)" start="@1588902347320" delta="1" />
  <time id="131" path="/Proyecto/CDSI/SEMANA 11/Recoleccion de datos del sistema del cliente" start="@1588902351768" delta="83" />
  <time id="132" path="/Proyecto/CDSI/SEMANA 12/Overhead (12)" start="@1588907183453" delta="32" />
  <time id="133" path="/Proyecto/CDSI/SEMANA 12/Tiempo de Rol de Gerente de Planeacion (12)" start="@1588909159697" delta="90" />
  <time id="134" path="/Proyecto/CDSI/SEMANA 12/Overhead (12)" start="@1588913394341" delta="28" />
  <time id="135" path="/Proyecto/CDSI/SEMANA 12/Preparacion para la reunion de equipo (11)" start="@1588914342392" delta="13" />
  <time id="136" path="/Proyecto/CDSI/SEMANA 12/Preparacion para la reunion de equipo (11)" start="@1588915111825" delta="17" />
  <time id="137" path="/Proyecto/CDSI/SEMANA 12/Reunion de equipo (12)" start="@1588954632955" delta="2" />
  <time id="138" path="/Proyecto/CDSI/SEMANA 10/Reunion con el cliente para primera entrega de proyecto" start="@1588954783496" delta="2" />
  <time id="139" path="/Proyecto/CDSI/SEMANA 12/Reunion de equipo (12)" start="@1588954889001" delta="23" />
  <time id="140" path="/Proyecto/CDSI/SEMANA 12/Reunion de equipo (12)" start="@1588959826341" delta="1" />
  <time id="141" path="/Proyecto/CDSI/SEMANA 10/Reunion con el cliente para primera entrega de proyecto" start="@1589213677875" delta="27" />
  <time id="142" path="/Proyecto/CDSI/SEMANA 10/Reunion con el cliente para primera entrega de proyecto" start="@1589247340884" delta="60" />
  <time id="143" path="/Proyecto/CDSI/SEMANA 10/Preparacion para la reunion con el cliente (3)" start="@1589247486397" delta="28" />
  <time id="144" path="/Proyecto/CDSI/SEMANA 11/Reunion de equipo (11)" start="@1589250083095" delta="60" />
  <time id="145" path="/Proyecto/CDSI/SEMANA 11/Preparacion para la reunion de equipo (10)" start="@1589250095696" delta="30" />
  <time id="146" path="/Proyecto/CDSI/SEMANA 12/Reunion de equipo (12)" start="@1589250152500" delta="4" />
  <time id="147" path="/Proyecto/CDSI/SEMANA 12/Reunion de equipo (12)" start="@1589421864897" delta="30" />
  <time id="148" path="/Proyecto/CDSI/SEMANA 12/Recoleccion de datos del sistema del cliente (2)" start="@1589424737094" delta="145" />
  <time id="149" path="/Proyecto/CDSI/SEMANA 13/Preparacion para la reunion de equipo (12)" start="@1589432428105" delta="34" />
  <time id="150" path="/Proyecto/CDSI/SEMANA 13/Overhead (13)" start="@1589507209625" delta="59" />
  <time id="151" path="/Proyecto/CDSI/SEMANA 13/Tiempo de Rol de Gerente de Planeacion (13)" start="@1589510395539" delta="90" />
  <time id="152" path="/Proyecto/CDSI/SEMANA 13/Tiempo de Rol de Gerente de Planeacion (13)" start="@1589515067408" />
  <time id="153" path="/Proyecto/CDSI/SEMANA 13/Reunion de equipo (13)" start="@1589557288799" delta="53" />
  <time id="154" path="/Proyecto/CDSI/SEMANA 14/Overhead (14)" start="@1590025373840" delta="120" />
  <time id="155" path="/Proyecto/CDSI/SEMANA 14/Preparacion para la reunion de equipo (13)" start="@1590075002488" delta="23" />
  <time id="156" path="/Proyecto/CDSI/SEMANA 14/Tiempo de Rol de Gerente de Planeacion (14)" start="@1590105227259" delta="90" />
  <time id="157" path="/Proyecto/CDSI/SEMANA 14/Preparacion para la reunion de equipo (13)" start="@1590109818000" />
  <time id="158" path="/Proyecto/CDSI/SEMANA 14/Overhead (14)" start="@1590111170000" delta="55" />
  <time id="159" path="/Proyecto/CDSI/SEMANA 14/Preparacion para la reunion de equipo (13)" start="@1590113844481" delta="7" />
  <time id="160" path="/Proyecto/CDSI/SEMANA 14/Overhead (14)" start="@1590113849641" delta="5" />
  <time id="161" path="/Proyecto/CDSI/SEMANA 14/Reunion de equipo (14)" start="@1590157830052" delta="60" />
  <time id="162" path="/Proyecto/CDSI/SEMANA 13/Crear Manual de usuario" start="@1590714408597" delta="127" />
  <time id="163" path="/Proyecto/CDSI/SEMANA 13/Correguir Manual de Usuario" start="@1590722045851" delta="89" />
  <time id="164" path="/Proyecto/CDSI/SEMANA 13/Crear Manual de Operaciones" start="@1590727396861" delta="150" />
  <time id="165" path="/Proyecto/CDSI/SEMANA 14/Preparacion para reunion con el cliente para entrega final de proyecto" start="@1591620414657" delta="60" />
  <time id="166" path="/Proyecto/CDSI/SEMANA 14/Reunion con el ciente para Dar fin a proyecto" start="@1591620552426" delta="90" />
  <time id="167" path="/Proyecto/CDSI/SEMANA 14/Capacitación para el uso del sistema" start="@1591620630342" delta="60" />
  <time id="168" path="/Proyecto/CDSI/SEMANA 14/Validación por el cliente" start="@1591620711386" delta="30" />
  <time id="169" path="/Proyecto/CDSI/SEMANA 4/Preparacion para la reunion de equipo" start="@1591660495129" delta="60" />
  <time id="170" path="/Proyecto/CDSI/SEMANA 4/Reunion de equipo" start="@1591660562210" delta="59" />
  <time id="171" path="/Proyecto/CDSI/SEMANA 5/Tiempo de Rol de Gerente de Planeacion (5)" start="@1591660876987" delta="90" />
  <time id="172" path="/Proyecto/CDSI/SEMANA 6/Reunion de equipo (6)" start="@1591661257862" delta="59" />
  <time id="173" path="/Proyecto/CDSI/SEMANA 6/Preparacion para la reunion con el cliente (2)" start="@1591661357231" delta="30" />
  <time id="174" path="/Proyecto/CDSI/SEMANA 7/Reunion de equipo (7)" start="@1591661941244" delta="60" />
  <time id="175" path="/Proyecto/CDSI/SEMANA 11/Realizar Pruebas de la aplicacion Con la finaliad de encontrar errores" start="@1591662610279" delta="180" />
  <time id="176" path="/Proyecto/CDSI/SEMANA 11/Overhead (11)" start="@1591662729883" delta="60" />
  <time id="177" path="/Proyecto/CDSI/SEMANA 11/Tiempo de Rol de Gerente de Planeacion (11)" start="@1591662805518" delta="90" />
  <time id="178" path="/Proyecto/CDSI/SEMANA 12/Correccion y,o mejora del sistema del cliente" start="@1591662968681" delta="210" />
</timeLogEntries>
