<?xml version='1.0' encoding='UTF-8' ?>
<timeLogEntries>
  <time id="1" path="/Project/CDSI/SEMANA 1/Tiempo de Rol de Lider de proyecto" start="@1582569783083" delta="18" />
  <time id="2" path="/Project/CDSI/SEMANA 1/Realizar plan de proyecto" start="@1582575044097" delta="12" />
  <time id="3" path="/Project/CDSI/SEMANA 1/Realizar plan de proyecto" start="@1582609436531" delta="51" />
  <time id="4" path="/Project/CDSI/SEMANA 1/Tiempo de Rol de Lider de proyecto" start="@1582733542871" delta="20" />
  <time id="5" path="/Project/CDSI/SEMANA 1/Tiempo de Rol de Lider de proyecto" start="@1582734744279" delta="1" />
  <time id="6" path="/Project/CDSI/SEMANA 1/Tiempo de Rol de Lider de proyecto" start="@1582734824161" delta="20" interrupt="1" />
  <time id="7" path="/Project/CDSI/SEMANA 2/Tiempo de Rol de Lider de proyecto" start="@1582736108498" delta="7" />
  <time id="8" path="/Project/CDSI/SEMANA 2/Overhead" start="@1582778544723" delta="22" />
  <time id="9" path="/Project/CDSI/SEMANA 1/Realizar plan de proyecto" start="@1582820037136" delta="6" />
  <time id="10" path="/Project/CDSI/SEMANA 2/Preparacion para la reunion de equipo" start="@1582835004535" delta="30" />
  <time id="11" path="/Project/CDSI/SEMANA 2/Estudio de documentacion (Lineamiento para la operacion y cumplimiento del trazo de rutas)" start="@1582849592820" delta="60" />
  <time id="12" path="/Project/CDSI/SEMANA 2/Tiempo de Rol de Lider de proyecto" start="@1582857242604" delta="19" />
  <time id="13" path="/Project/CDSI/SEMANA 2/Tiempo de Rol de Lider de proyecto" start="@1582858427685" delta="34" />
  <time id="14" path="/Project/CDSI/SEMANA 2/Reunion de equipo" start="@1582906934341" delta="28" />
  <time id="15" path="/Project/CDSI/SEMANA 2/Reunion de equipo" start="@1583167267378" delta="2" />
  <time id="16" path="/Project/CDSI/SEMANA 2/Reunion de equipo" start="@1583167384741" delta="7" />
  <time id="17" path="/Project/CDSI/SEMANA 2/Reunion de equipo" start="@1583167842068" delta="24" />
  <time id="18" path="/Project/CDSI/SEMANA 3/Tiempo de Rol de Lider de proyecto" start="@1583169310069" delta="9" />
  <time id="19" path="/Project/CDSI/SEMANA 1/Reunion con el cliente para validacion de Plan de proyecto" start="@1583197634042" delta="51" />
  <time id="20" path="/Project/CDSI/SEMANA 3/Tiempo de Rol de Lider de proyecto" start="@1583201253529" delta="35" />
  <time id="21" path="/Project/CDSI/SEMANA 2/Diseno de mockup" start="@1583279573003" delta="29" />
  <time id="22" path="/Project/CDSI/SEMANA 2/Diseno de mockup" start="@1583283661912" delta="31" />
  <time id="23" path="/Project/CDSI/SEMANA 3/Preparacion para la reunion con el cliente" start="@1583353253436" delta="31" />
  <time id="24" path="/Project/CDSI/SEMANA 3/Investigacion sobre google maps" start="@1583371052611" delta="30" />
  <time id="25" path="/Project/CDSI/SEMANA 3/Investigacion sobre uso de Android Studio" start="@1583372871684" delta="30" />
  <time id="26" path="/Project/CDSI/SEMANA 1/Creacion de documento SRS" start="@1583374714632" delta="120" />
  <time id="27" path="/Project/CDSI/SEMANA 3/Investigacion de Java" start="@1583381987968" delta="60" />
  <time id="28" path="/Project/CDSI/SEMANA 3/Creacion de documento Historias de usuario" start="@1583385678108" delta="30" />
  <time id="29" path="/Project/CDSI/SEMANA 2/Hablar sobre cambios de diseno" start="@1583387536098" delta="30" />
  <time id="30" path="/Project/CDSI/SEMANA 3/Preparacion para la reunion de equipo" start="@1583425502934" delta="42" />
  <time id="31" path="/Project/CDSI/SEMANA 2/Retroalimentacion del Proyecto" start="@1583458304300" delta="90" />
  <time id="32" path="/Project/CDSI/SEMANA 3/Investigacion de api que trabajen offline" start="@1583463768367" delta="90" />
  <time id="33" path="/Project/CDSI/SEMANA 3/Preparacion para la reunion de equipo" start="@1583469195626" delta="19" />
  <time id="34" path="/Project/CDSI/SEMANA 3/Overhead" start="@1583470341054" delta="60" />
  <time id="35" path="/Project/CDSI/SEMANA 3/Tiempo de Rol de Lider de proyecto" start="@1583473963885" delta="16" />
  <time id="36" path="/Project/CDSI/SEMANA 3/Reunion con el cliente Para mostrarle protoipo explorativo (mockup)" start="@1583529858615" delta="33" />
  <time id="37" path="/Project/CDSI/SEMANA 3/Reunion de equipo" start="@1583547119988" delta="62" interrupt="3" />
  <time id="38" path="/Project/CDSI/SEMANA 4/Capacitacion sobre uso de Android Studio" start="@1583888365995" delta="150" />
  <time id="39" path="/Project/CDSI/SEMANA 4/Capacitacion de Java" start="@1583897390182" delta="150" />
  <time id="40" path="/Project/CDSI/SEMANA 2/Creacion de SAS" start="@1583953719958" delta="90" />
  <time id="41" path="/Project/CDSI/SEMANA 2/Correcion de SAS" start="@1583959142513" delta="13" />
  <time id="42" path="/Project/CDSI/SEMANA 2/Correcion de SAS" start="@1583974120570" delta="47" />
  <time id="43" path="/Project/CDSI/SEMANA 4/Correcion  de Mockup con retroalimentacion del cliente" start="@1583976965510" delta="30" />
  <time id="44" path="/Project/CDSI/SEMANA 4/Tiempo de Rol de Lider de proyecto" start="@1583978791157" delta="90" />
  <time id="45" path="/Project/CDSI/SEMANA 4/Overhead" start="@1583984207746" delta="60" />
  <time id="46" path="/Project/CDSI/SEMANA 4/Preparacion para la reunion de equipo" start="@1583987826301" delta="32" />
  <time id="47" path="/Project/CDSI/SEMANA 4/Preparacion para la reunion de equipo" start="@1583989808069" delta="28" />
  <time id="48" path="/Project/CDSI/SEMANA 4/Reunion de equipo" start="@1584162633826" delta="60" />
  <time id="49" path="/Project/CDSI/SEMANA 5/Investigacion de libreria Open Street Map" start="@1584460704931" delta="39" />
  <time id="50" path="/Project/CDSI/SEMANA 5/Investigacion de libreria Open Street Map" start="@1584463178698" delta="19" />
  <time id="51" path="/Project/CDSI/SEMANA 5/Investigacion de libreria Open Street Map" start="@1584469643494" delta="33" />
  <time id="52" path="/Project/CDSI/SEMANA 5/Investigacion de libreria Open Street Map" start="@1584471664442" delta="70" />
  <time id="53" path="/Project/CDSI/SEMANA 5/Investigacion de libreria Open Street Map" start="@1584489321063" delta="139" interrupt="27" />
  <time id="54" path="/Project/CDSI/SEMANA 5/Instalacion de base de datos del cliente en un servidor local" start="@1584499383631" delta="90" />
  <time id="55" path="/Project/CDSI/SEMANA 5/Tiempo de Rol de Lider de proyecto (5)" start="@1584504800198" delta="60" interrupt="4" />
  <time id="56" path="/Project/CDSI/SEMANA 5/Overhead (5)" start="@1584508661015" delta="60" />
  <time id="57" path="/Project/CDSI/SEMANA 5/Preparacion para la reunion de equipo (4)" start="@1584590974243" delta="35" />
  <time id="58" path="/Project/CDSI/SEMANA 5/Reunion de equipo (5)" start="@1584766739645" delta="23" />
  <time id="59" path="/Project/CDSI/SEMANA 5/Reunion de equipo (5)" start="@1584770118397" delta="37" />
  <time id="60" path="/Project/CDSI/SEMANA 6/Capasitacion con la base de datos del cliente" start="@1584915073690" delta="105" />
  <time id="61" path="/Project/CDSI/SEMANA 6/Capasitacion con la base de datos del cliente" start="@1584929997364" delta="15" />
  <time id="62" path="/Project/CDSI/SEMANA 6/Coneccion a la base de datos de prueba" start="@1584930943219" delta="90" />
  <time id="63" path="/Project/CDSI/SEMANA 6/Integracion del proyecto de Brenda" start="@1584936369250" delta="22" />
  <time id="64" path="/Project/CDSI/SEMANA 6/Integracion del proyecto de Brenda" start="@1584938112397" delta="8" />
  <time id="65" path="/Project/CDSI/SEMANA 6/Creación del proyecto RutasOffline en android Studio" start="@1584995243389" delta="1" />
  <time id="66" path="/Project/CDSI/SEMANA 6/Creación del proyecto RutasOffline en android Studio" start="@1584995315425" delta="29" />
  <time id="67" path="/Project/CDSI/SEMANA 6/Preparacion para la reunion con el cliente (2)" start="@1584997076107" delta="30" />
  <time id="68" path="/Project/CDSI/SEMANA 6/Reunion con el cliente para revisar mockup explorativo por ultima vez" start="@1584998894205" delta="90" />
  <time id="69" path="/Project/CDSI/SEMANA 6/Tiempo de Rol de Lider de proyecto (6)" start="@1585004313908" delta="60" interrupt="61" />
  <time id="70" path="/Project/CDSI/SEMANA 6/Overhead (6)" start="@1585011613881" delta="60" />
  <time id="71" path="/Project/CDSI/SEMANA 6/Preparacion para la reunion de equipo (5)" start="@1585015233307" delta="19" />
  <time id="72" path="/Project/CDSI/SEMANA 6/Preparacion para la reunion de equipo (5)" start="@1585016811641" delta="11" />
  <time id="73" path="/Project/CDSI/SEMANA 6/Reunion de equipo (6)" start="@1585017487421" delta="62" />
  <time id="74" path="/Project/CDSI/SEMANA 7/Agregar librerias seleccionadas(UTILS Y VOLLEY)" start="@1585602989290" delta="101" interrupt="1" />
  <time id="75" path="/Project/CDSI/SEMANA 7/Agregar librerias seleccionadas(UTILS Y VOLLEY)" start="@1585609115622" delta="19" />
  <time id="76" path="/Project/CDSI/SEMANA 7/Integrar APIs and Keys al proyecto" start="@1585610270273" delta="120" />
  <time id="77" path="/Project/CDSI/SEMANA 7/Agregar permisos (Internet, Ubicación, etc)" start="@1585617491279" delta="150" />
  <time id="78" path="/Project/CDSI/SEMANA 7/Tiempo de Rol de Lider de proyecto (7)" start="@1585626519321" delta="60" />
  <time id="79" path="/Project/CDSI/SEMANA 7/Overhead (7)" start="@1585630137050" delta="60" />
  <time id="80" path="/Project/CDSI/SEMANA 7/Preparacion para la reunion de equipo (6)" start="@1585773069044" delta="39" />
  <time id="81" path="/Project/CDSI/SEMANA 7/Reunion de equipo (7)" start="@1585775393367" delta="64" />
  <time id="82" path="/Project/CDSI/SEMANA 8/Pruebas de integracion de Mapa" start="@1587416448973" delta="6" />
  <time id="83" path="/Project/CDSI/SEMANA 8/Pruebas de integracion de Mapa" start="@1587416843199" delta="174" />
  <time id="84" path="/Project/CDSI/SEMANA 8/Configurar Radio de inicio de mapa" start="@1587427315504" delta="210" interrupt="1" />
  <time id="85" path="/Project/CDSI/SEMANA 8/Tiempo de Rol de Lider de proyecto (8)" start="@1587498509825" delta="60" />
  <time id="86" path="/Project/CDSI/SEMANA 8/Overhead (8)" start="@1587502131142" delta="15" />
  <time id="87" path="/Project/CDSI/SEMANA 8/Overhead (8)" start="@1587511864130" delta="45" />
  <time id="88" path="/Project/CDSI/SEMANA 8/Preparacion para la reunion de equipo (7)" start="@1587514582194" delta="108" />
  <time id="89" path="/Project/CDSI/SEMANA 8/Reunion de equipo (8)" start="@1587674529454" delta="60" />
  <time id="90" path="/Project/CDSI/SEMANA 9/Mandar llamar valor de latitud y longitud de la tabla cliente de la base de datos de prueba" start="@1588020284291" delta="94" />
  <time id="91" path="/Project/CDSI/SEMANA 9/Codificación de trazado de ruta" start="@1588025910397" delta="81" />
  <time id="92" path="/Project/CDSI/SEMANA 9/Pruebas de la aplicación" start="@1588030753442" delta="85" />
  <time id="93" path="/Project/CDSI/SEMANA 9/Modificacion de historia de usuario rutas" start="@1588101540086" delta="89" />
  <time id="94" path="/Project/CDSI/SEMANA 9/Overhead (9)" start="@1588106906168" delta="61" />
  <time id="95" path="/Project/CDSI/SEMANA 9/Tiempo de Rol de Lider de proyecto (9)" start="@1588110563446" delta="69" />
  <time id="96" path="/Project/CDSI/SEMANA 10/Tiempo de Rol de Lider de proyecto (10)" start="@1588115661406" delta="64" />
  <time id="97" path="/Project/CDSI/SEMANA 10/Overhead (10)" start="@1588119521523" delta="69" />
  <time id="98" path="/Project/CDSI/SEMANA 10/Integrar aplicacion a sistema de cliente" start="@1588123658162" delta="183" />
  <time id="99" path="/Project/CDSI/SEMANA 10/Integrar aplicacion a sistema de cliente" start="@1588187091802" delta="36" />
  <time id="100" path="/Project/CDSI/SEMANA 10/Preparacion para la reunion con el cliente (3)" start="@1588189263203" delta="59" />
  <time id="101" path="/Project/CDSI/SEMANA 10/Reunion con el cliente para primera entrega de proyecto" start="@1588192811056" delta="75" />
  <time id="102" path="/Project/CDSI/SEMANA 11/Revision de documentos" start="@1588197353955" delta="105" />
  <time id="103" path="/Project/CDSI/SEMANA 11/Recoleccion de datos del sistema del cliente" start="@1588203677173" delta="77" />
  <time id="104" path="/Project/CDSI/SEMANA 11/Realizar Pruebas de la aplicacion Con la finaliad de encontrar errores" start="@1588208283738" delta="126" />
  <time id="105" path="/Project/CDSI/SEMANA 11/Realizar Pruebas de la aplicacion Con la finaliad de encontrar errores" start="@1588289308017" delta="59" />
  <time id="106" path="/Project/CDSI/SEMANA 11/Overhead (11)" start="@1588292879132" delta="55" />
  <time id="107" path="/Project/CDSI/SEMANA 11/Tiempo de Rol de Lider de proyecto (11)" start="@1588296188462" delta="37" />
  <time id="108" path="/Project/CDSI/SEMANA 11/Preparacion para la reunion de equipo (10)" start="@1588298422257" delta="30" interrupt="2" />
  <time id="109" path="/Project/CDSI/SEMANA 11/Tiempo de Rol de Lider de proyecto (11)" start="@1588300413136" delta="24" />
  <time id="110" path="/Project/CDSI/SEMANA 11/Reunion de equipo (11)" start="@1588821260222" delta="81" />
  <time id="111" path="/Project/CDSI/SEMANA 12/Tiempo de Rol de Lider de proyecto (12)" start="@1588883476513" delta="59" />
  <time id="112" path="/Project/CDSI/SEMANA 12/Overhead (12)" start="@1588887030577" delta="42" />
  <time id="113" path="/Project/CDSI/SEMANA 12/Overhead (12)" start="@1588892825605" delta="22" />
  <time id="114" path="/Project/CDSI/SEMANA 12/Preparacion para la reunion de equipo (11)" start="@1588894163782" delta="28" />
  <time id="115" path="/Project/CDSI/SEMANA 12/Reunion de equipo (12)" start="@1588967901675" delta="71" />
  <time id="116" path="/Project/CDSI/SEMANA 12/Recoleccion de datos del sistema del cliente (2)" start="@1589312277443" delta="130" />
  <time id="117" path="/Project/CDSI/SEMANA 13/Tiempo de Rol de Lider de proyecto (13)" start="@1589487931099" delta="56" />
  <time id="118" path="/Project/CDSI/SEMANA 13/Overhead (13)" start="@1589491302244" delta="69" />
  <time id="119" path="/Project/CDSI/SEMANA 13/Preparacion para la reunion de equipo (12)" start="@1589495447366" delta="33" />
  <time id="120" path="/Project/CDSI/SEMANA 13/Reunion de equipo (13)" start="@1589586153173" delta="50" />
  <time id="121" path="/Project/CDSI/SEMANA 12/Correccion y,o mejora del sistema del cliente" start="@1589589137943" delta="222" />
  <time id="122" path="/Project/CDSI/SEMANA 14/Tiempo de Rol de Lider de proyecto (14)" start="@1590055759438" delta="59" />
  <time id="123" path="/Project/CDSI/SEMANA 14/Overhead (14)" start="@1590059304330" delta="186" />
  <time id="124" path="/Project/CDSI/SEMANA 14/Preparacion para la reunion de equipo (13)" start="@1590070518751" delta="29" />
  <time id="125" path="/Project/CDSI/SEMANA 14/Reunion de equipo (14)" start="@1590659956600" delta="44" />
  <time id="126" path="/Project/CDSI/SEMANA 13/Crear Manual de Mantenimiento" start="@1590662634331" delta="55" />
  <time id="127" path="/Project/CDSI/SEMANA 13/Crear Manual de Mantenimiento" start="@1590665942791" delta="5" />
  <time id="128" path="/Project/CDSI/SEMANA 13/Crear Manual de Mantenimiento" start="@1590666314842" delta="54" />
  <time id="129" path="/Project/CDSI/SEMANA 13/Correguir Manual de Mantenimiento" start="@1590669548121" delta="47" />
  <time id="130" path="/Project/CDSI/SEMANA 13/Correguir manual de operaciones" start="@1590672360506" delta="60" />
  <time id="131" path="/Project/CDSI/SEMANA 14/Preparacion para reunion con el cliente para entrega final de proyecto" start="@1591317462155" delta="52" />
  <time id="132" path="/Project/CDSI/SEMANA 14/Reunion con el ciente para Dar fin a proyecto" start="@1591407054744" delta="71" />
  <time id="133" path="/Project/CDSI/SEMANA 14/Capacitación para el uso del sistema" start="@1591411331240" delta="89" />
  <time id="134" path="/Project/CDSI/SEMANA 14/Validación por el cliente" start="@1591416702328" delta="8" />
  <time id="135" path="/Project/CDSI/SEMANA 14/Tiempo de Rol de Lider de proyecto (14)" start="@1591629295612" delta="18" />
</timeLogEntries>
