<?xml version='1.0' encoding='UTF-8' ?>
<timeLogEntries>
  <time id="1" path="/Proyecto/CDSI/SEMANA 13/Preparacion para la reunion de equipo (12)" start="@1589507547020" delta="30" />
  <time id="2" path="/Proyecto/CDSI/SEMANA 13/Reunion de equipo (13)" start="@1589507571681" delta="60" />
  <time id="3" path="/Proyecto/CDSI/SEMANA 13/Crear Manual de usuario" start="@1589507601979" delta="125" />
  <time id="5" path="/Proyecto/CDSI/SEMANA 13/Correguir Manual de Usuario" start="@1589507672340" delta="92" />
  <time id="6" path="/Proyecto/CDSI/SEMANA 13/Crear Manual de Operaciones" start="@1589507752837" delta="160" />
  <time id="7" path="/Proyecto/CDSI/SEMANA 13/Overhead (13)" start="@1589507776875" delta="60" />
  <time id="8" path="/Proyecto/CDSI/SEMANA 13/Tiempo de Rol de Gerente de Soporte (13)" start="@1589507804771" delta="105" />
  <time id="9" path="/Proyecto/CDSI/SEMANA 14/Tiempo de Rol de Gerente de Soporte (14)" start="@1590117061373" delta="100" />
  <time id="10" path="/Proyecto/CDSI/SEMANA 14/Overhead (14)" start="@1590117104695" delta="175" />
  <time id="11" path="/Proyecto/CDSI/SEMANA 14/Preparacion para la reunion de equipo (13)" start="@1590117155380" delta="30" />
  <time id="14" path="/Proyecto/CDSI/SEMANA 14/Reunion de equipo (14)" start="@1590743232485" delta="60" />
  <time id="17" path="/Proyecto/CDSI/SEMANA 1/Tiempo de Rol de Gerente de Soporte" start="@1583123878000" delta="90" />
  <time id="18" path="/Proyecto/CDSI/SEMANA 1/Preparacion para reunion de equipo" start="@1591155499371" delta="60" />
  <time id="19" path="/Proyecto/CDSI/SEMANA 1/Reunion de equipo" start="@1591155537892" delta="60" />
  <time id="20" path="/Proyecto/CDSI/SEMANA 1/Overhead" start="@1591155557809" delta="120" />
  <time id="21" path="/Proyecto/CDSI/SEMANA 1/corregir plan de proyecto" start="@1591155578877" delta="90" />
  <time id="22" path="/Proyecto/CDSI/SEMANA 1/Correccion de SRS" start="@1591155604273" delta="90" />
  <time id="23" path="/Proyecto/CDSI/SEMANA 1/Reunion con el cliente para validacion de Plan de proyecto" start="@1591155625405" delta="90" />
  <time id="24" path="/Proyecto/CDSI/SEMANA 2/Estudio de documentacion (Lineamiento para la operacion y cumplimiento del trazo de rutas)" start="@1591155651063" delta="60" />
  <time id="25" path="/Proyecto/CDSI/SEMANA 2/Preparacion para la reunion de equipo" start="@1591155658355" delta="30" />
  <time id="26" path="/Proyecto/CDSI/SEMANA 2/Reunion de equipo" start="@1591155660571" delta="60" />
  <time id="27" path="/Proyecto/CDSI/SEMANA 2/Instalacion de Softwares Necesarios para el desarrollo" start="@1591155662468" delta="120" />
  <time id="28" path="/Proyecto/CDSI/SEMANA 2/Retroalimentacion del Proyecto" start="@1591155664781" delta="90" />
  <time id="29" path="/Proyecto/CDSI/SEMANA 2/Hablar sobre cambios de diseno" start="@1591155667267" delta="30" />
  <time id="30" path="/Proyecto/CDSI/SEMANA 2/Creacion de SAS" start="@1591155669358" delta="60" />
  <time id="31" path="/Proyecto/CDSI/SEMANA 2/Overhead" start="@1591155671517" delta="60" />
  <time id="32" path="/Proyecto/CDSI/SEMANA 2/Tiempo de Rol de Gerente de Soporte" start="@1591155673539" delta="90" />
  <time id="33" path="/Proyecto/CDSI/SEMANA 3/Preparacion para la reunion con el cliente" start="@1591155858925" delta="30" />
  <time id="34" path="/Proyecto/CDSI/SEMANA 3/Preparacion para la reunion de equipo" start="@1591155861248" delta="60" />
  <time id="35" path="/Proyecto/CDSI/SEMANA 3/Reunion de equipo" start="@1591155863169" delta="60" />
  <time id="36" path="/Proyecto/CDSI/SEMANA 3/Reunion con el cliente Para mostrarle protoipo explorativo (mockup)" start="@1591155865397" delta="90" />
  <time id="37" path="/Proyecto/CDSI/SEMANA 3/Investigacion sobre google maps" start="@1591155867566" delta="28" />
  <time id="38" path="/Proyecto/CDSI/SEMANA 3/Investigacion sobre uso de Android Studio" start="@1591155869774" delta="30" />
  <time id="39" path="/Proyecto/CDSI/SEMANA 3/Investigacion de Java" start="@1591155871817" delta="60" />
  <time id="40" path="/Proyecto/CDSI/SEMANA 3/Investigacion de api que trabajen offline" start="@1591155873781" delta="60" />
  <time id="41" path="/Proyecto/CDSI/SEMANA 3/Revidion de historias de usuario" start="@1591155876008" delta="30" />
  <time id="42" path="/Proyecto/CDSI/SEMANA 3/Overhead" start="@1591155877952" delta="60" />
  <time id="43" path="/Proyecto/CDSI/SEMANA 3/Tiempo de Rol de Gerente de Soporte" start="@1591155880492" delta="90" />
  <time id="44" path="/Proyecto/CDSI/SEMANA 4/Capacitacion sobre uso de Android Studio" start="@1584938860000" delta="150" />
  <time id="45" path="/Proyecto/CDSI/SEMANA 4/Capacitacion de Java" start="@1585543664000" delta="120" />
  <time id="46" path="/Proyecto/CDSI/SEMANA 4/Preparacion para la reunion de equipo" start="@1585543666000" delta="60" />
  <time id="47" path="/Proyecto/CDSI/SEMANA 4/Reunion de equipo" start="@1585543668000" delta="60" />
  <time id="48" path="/Proyecto/CDSI/SEMANA 4/Correcion  de Mockup con retroalimentacion del cliente" start="@1585543670000" delta="40" />
  <time id="49" path="/Proyecto/CDSI/SEMANA 4/Overhead" start="@1585543672000" delta="60" />
  <time id="50" path="/Proyecto/CDSI/SEMANA 4/Tiempo de Rol de Gerente de Soporte" start="@1585543674000" delta="120" />
  <time id="51" path="/Proyecto/CDSI/SEMANA 5/Investigacion de libreria Open Street Map" start="@1586144982000" delta="300" />
  <time id="52" path="/Proyecto/CDSI/SEMANA 5/Preparacion para la reunion de equipo (4)" start="@1586144984000" delta="30" />
  <time id="53" path="/Proyecto/CDSI/SEMANA 5/Reunion de equipo (5)" start="@1586144986000" delta="60" />
  <time id="54" path="/Proyecto/CDSI/SEMANA 5/Instalacion de base de datos del cliente en un servidor local" start="@1586144988000" delta="90" />
  <time id="55" path="/Proyecto/CDSI/SEMANA 5/Overhead (5)" start="@1586144990000" delta="60" />
  <time id="56" path="/Proyecto/CDSI/SEMANA 5/Tiempo de Rol de Gerente de Soporte (5)" start="@1586144992000" delta="90" />
  <time id="57" path="/Proyecto/CDSI/SEMANA 6/Preparacion para la reunion de equipo (5)" start="@1586145122000" delta="30" />
  <time id="58" path="/Proyecto/CDSI/SEMANA 6/Reunion de equipo (6)" start="@1586145124000" delta="60" />
  <time id="59" path="/Proyecto/CDSI/SEMANA 6/Preparacion para la reunion con el cliente (2)" start="@1586145126000" delta="30" />
  <time id="60" path="/Proyecto/CDSI/SEMANA 6/Reunion con el cliente para revisar mockup explorativo por ultima vez" start="@1586145128000" delta="90" />
  <time id="61" path="/Proyecto/CDSI/SEMANA 6/Capasitacion con la base de datos del cliente" start="@1586749930000" delta="90" />
  <time id="62" path="/Proyecto/CDSI/SEMANA 6/Pruebas de integracion con el proyecti de brenda" start="@1586749932000" delta="30" />
  <time id="63" path="/Proyecto/CDSI/SEMANA 6/Implementacion del diseño en el proyecto" start="@1586749934000" delta="80" />
  <time id="64" path="/Proyecto/CDSI/SEMANA 6/Pruebas de la coneccion de BD" start="@1586749935000" delta="70" />
  <time id="65" path="/Proyecto/CDSI/SEMANA 6/Overhead (6)" start="@1586749938000" delta="60" />
  <time id="66" path="/Proyecto/CDSI/SEMANA 6/Tiempo de Rol de Gerente de Soporte (6)" start="@1586749940000" delta="90" />
  <time id="67" path="/Proyecto/CDSI/SEMANA 7/Preparacion para la reunion de equipo (6)" start="@1591156530574" delta="30" />
  <time id="68" path="/Proyecto/CDSI/SEMANA 7/Reunion de equipo (7)" start="@1591156532000" delta="60" />
  <time id="69" path="/Proyecto/CDSI/SEMANA 7/Busqueda de Librerias" start="@1591156534532" delta="120" />
  <time id="70" path="/Proyecto/CDSI/SEMANA 7/Obtener APIS KEY'S de google" start="@1591156536809" delta="120" />
  <time id="71" path="/Proyecto/CDSI/SEMANA 7/Pruebas de integracion de Apis" start="@1591156538530" delta="120" />
  <time id="72" path="/Proyecto/CDSI/SEMANA 7/Overhead (7)" start="@1591156540806" delta="70" />
  <time id="73" path="/Proyecto/CDSI/SEMANA 7/Tiempo de Rol de Gerente de Soporte (7)" start="@1591156542882" delta="120" />
  <time id="74" path="/Proyecto/CDSI/SEMANA 8/Preparacion para la reunion de equipo (7)" start="@1591156727956" delta="30" />
  <time id="75" path="/Proyecto/CDSI/SEMANA 8/Reunion de equipo (8)" start="@1591156729878" delta="60" />
  <time id="76" path="/Proyecto/CDSI/SEMANA 8/Agregar Mapa al Fragment" start="@1591156734007" delta="90" />
  <time id="77" path="/Proyecto/CDSI/SEMANA 8/Configurar Zoom de inicio de mapa" start="@1591156736314" delta="120" />
  <time id="78" path="/Proyecto/CDSI/SEMANA 8/Pruebas de las configuraciones del mapa" start="@1591156738559" delta="150" />
  <time id="79" path="/Proyecto/CDSI/SEMANA 8/Overhead (8)" start="@1591156740528" delta="60" />
  <time id="80" path="/Proyecto/CDSI/SEMANA 8/Tiempo de Rol de Gerente de Soporte (8)" start="@1591156742550" delta="90" />
  <time id="81" path="/Proyecto/CDSI/SEMANA 9/Preparacion para la reunion de equipo (8)" start="@1587960054000" delta="30" />
  <time id="82" path="/Proyecto/CDSI/SEMANA 9/Reunion de equipo (9)" start="@1587960056000" delta="60" />
  <time id="83" path="/Proyecto/CDSI/SEMANA 9/Pruebas de Integracion de valores de la BD" start="@1587960058000" delta="120" />
  <time id="84" path="/Proyecto/CDSI/SEMANA 9/Pruebas de trazado de rutas" start="@1588564860000" delta="150" />
  <time id="85" path="/Proyecto/CDSI/SEMANA 9/Modificacion de historia de usuario rutas" start="@1588564862000" delta="100" />
  <time id="86" path="/Proyecto/CDSI/SEMANA 9/Overhead (9)" start="@1588564864000" delta="120" />
  <time id="87" path="/Proyecto/CDSI/SEMANA 9/Tiempo de Rol de Gerente de Soporte (9)" start="@1588564866000" delta="120" />
  <time id="88" path="/Proyecto/CDSI/SEMANA 10/Preparacion para la reunion de equipo (9)" start="@1588564981000" delta="30" />
  <time id="89" path="/Proyecto/CDSI/SEMANA 10/Reunion de equipo (10)" start="@1588564984000" delta="60" />
  <time id="90" path="/Proyecto/CDSI/SEMANA 10/Preparacion para la reunion con el cliente (3)" start="@1588564986000" delta="60" />
  <time id="91" path="/Proyecto/CDSI/SEMANA 10/Reunion con el cliente para primera entrega de proyecto" start="@1588564988000" delta="90" />
  <time id="92" path="/Proyecto/CDSI/SEMANA 10/Integrar aplicacion a sistema de cliente" start="@1589169789000" delta="210" />
  <time id="93" path="/Proyecto/CDSI/SEMANA 10/Overhead (10)" start="@1589169791000" delta="60" />
  <time id="94" path="/Proyecto/CDSI/SEMANA 10/Tiempo de Rol de Gerente de Soporte (10)" start="@1589169793000" delta="90" />
  <time id="95" path="/Proyecto/CDSI/SEMANA 11/Preparacion para la reunion de equipo (10)" start="@1591157110076" delta="30" />
  <time id="96" path="/Proyecto/CDSI/SEMANA 11/Reunion de equipo (11)" start="@1591157112052" delta="60" />
  <time id="97" path="/Proyecto/CDSI/SEMANA 11/Revision de documentos" start="@1591157114127" delta="90" />
  <time id="98" path="/Proyecto/CDSI/SEMANA 11/Recoleccion de datos del sistema del cliente" start="@1591157116079" delta="90" />
  <time id="99" path="/Proyecto/CDSI/SEMANA 11/Realizar Pruebas de la aplicacion Con la finaliad de encontrar errores" start="@1591157117800" delta="200" />
  <time id="100" path="/Proyecto/CDSI/SEMANA 11/Overhead (11)" start="@1591157119759" delta="60" />
  <time id="101" path="/Proyecto/CDSI/SEMANA 11/Tiempo de Rol de Gerente de Soporte (11)" start="@1591157121495" delta="90" />
  <time id="102" path="/Proyecto/CDSI/SEMANA 12/Preparacion para la reunion de equipo (11)" start="@1591157247592" delta="210" />
  <time id="103" path="/Proyecto/CDSI/SEMANA 12/Reunion de equipo (12)" start="@1591157249629" delta="60" />
  <time id="104" path="/Proyecto/CDSI/SEMANA 12/Recoleccion de datos del sistema del cliente (2)" start="@1591157251466" delta="150" />
  <time id="105" path="/Proyecto/CDSI/SEMANA 12/Correccion y,o mejora del sistema del cliente" start="@1591157253187" delta="210" />
  <time id="106" path="/Proyecto/CDSI/SEMANA 12/Overhead (12)" start="@1591157254861" delta="60" />
  <time id="107" path="/Proyecto/CDSI/SEMANA 12/Tiempo de Rol de Gerente de Soporte (12)" start="@1591157339909" delta="90" />
  <time id="108" path="/Proyecto/CDSI/SEMANA 14/Preparacion para reunion con el cliente para entrega final de proyecto" start="@1591622357968" delta="60" />
  <time id="109" path="/Proyecto/CDSI/SEMANA 14/Reunion con el ciente para Dar fin a proyecto" start="@1591622384779" delta="90" />
  <time id="110" path="/Proyecto/CDSI/SEMANA 14/Capacitación para el uso del sistema" start="@1591622401732" delta="60" />
  <time id="111" path="/Proyecto/CDSI/SEMANA 14/Validación por el cliente" start="@1591622419278" delta="30" />
</timeLogEntries>
