<?xml version='1.0' encoding='UTF-8' ?>
<timeLogEntries>
  <time id="1" path="/Proyecto/CDSI/SEMANA 1/Revisar plan de proyecto" start="@1582648574980" delta="15" />
  <time id="2" path="/Proyecto/CDSI/SEMANA 2/Reunion de equipo" start="@1582906940608" delta="29" />
  <time id="3" path="/Proyecto/CDSI/SEMANA 2/Preparacion para la reunion de equipo" start="@1582909401988" delta="18" />
  <time id="4" path="/Proyecto/CDSI/SEMANA 2/Preparacion para la reunion de equipo" start="@1582919162226" delta="9" />
  <time id="5" path="/Proyecto/CDSI/SEMANA 1/Revicion de SRS" start="@1583425235712" delta="72" interrupt="20" />
  <time id="6" path="/Proyecto/CDSI/SEMANA 1/Reunion con el cliente para validacion de Plan de proyecto" start="@1583430767287" delta="10" />
  <time id="7" path="/Proyecto/CDSI/SEMANA 2/Revision de SAS" start="@1583431385630" delta="2" />
  <time id="8" path="/Proyecto/CDSI/SEMANA 1/Reunion con el cliente para validacion de Plan de proyecto" start="@1583431532067" delta="48" />
  <time id="9" path="/Proyecto/CDSI/SEMANA 3/Preparacion para la reunion de equipo" start="@1583774255463" delta="50" />
  <time id="10" path="/Proyecto/CDSI/SEMANA 3/Investigacion de Java" start="@1583777287558" delta="6" interrupt="30" />
  <time id="11" path="/Proyecto/CDSI/SEMANA 3/Investigacion de Java" start="@1583781087149" delta="60" />
  <time id="12" path="/Proyecto/CDSI/SEMANA 3/Investigacion sobre uso de Android Studio" start="@1583784717194" delta="26" />
  <time id="13" path="/Proyecto/CDSI/SEMANA 3/Reunion con el cliente Para mostrarle protoipo explorativo (mockup)" start="@1583786311388" delta="74" />
  <time id="14" path="/Proyecto/CDSI/SEMANA 3/Investigacion sobre google maps" start="@1583790776352" delta="25" />
  <time id="15" path="/Proyecto/CDSI/SEMANA 3/Tiempo de Rol de Gerente de Calidad y Procesos" start="@1583792267580" delta="48" />
  <time id="16" path="/Proyecto/CDSI/SEMANA 3/Preparacion para la reunion con el cliente" start="@1583795184939" delta="32" />
  <time id="17" path="/Proyecto/CDSI/SEMANA 3/Revidion de historias de usuario" start="@1583797151373" delta="37" />
  <time id="18" path="/Proyecto/CDSI/SEMANA 3/Investigacion de api que trabajen offline" start="@1583799375037" delta="72" />
  <time id="19" path="/Proyecto/CDSI/SEMANA 4/Capacitacion sobre uso de Android Studio" start="@1583881169067" delta="123" interrupt="1" />
  <time id="20" path="/Proyecto/CDSI/SEMANA 4/Capacitacion de Java" start="@1583888637252" delta="63" interrupt="861" />
  <time id="21" path="/Proyecto/CDSI/SEMANA 4/Capacitacion de Java" start="@1583944276602" delta="7" />
  <time id="22" path="/Proyecto/CDSI/SEMANA 2/Hablar sobre cambios de diseno" start="@1583944712049" delta="53" interrupt="28" />
  <time id="23" path="/Proyecto/CDSI/SEMANA 2/Instalacion de Softwares Necesarios para el desarrollo" start="@1584042295505" delta="101" />
  <time id="24" path="/Proyecto/CDSI/SEMANA 2/Retroalimentacion del Proyecto" start="@1584048605504" delta="78" interrupt="1299" />
  <time id="25" path="/Proyecto/CDSI/SEMANA 4/Tiempo de Rol de Gerente de Calidad y Procesos" start="@1584131323399" delta="96" />
  <time id="26" path="/Proyecto/CDSI/SEMANA 4/Capacitacion de Java" start="@1584137094444" delta="79" />
  <time id="27" path="/Proyecto/CDSI/SEMANA 4/Capacitacion de Java" start="@1584141947507" delta="2" />
  <time id="28" path="/Proyecto/CDSI/SEMANA 4/Preparacion para la reunion de equipo" start="@1584142097854" delta="58" />
  <time id="29" path="/Proyecto/CDSI/SEMANA 4/Correcion  de Mockup con retroalimentacion del cliente" start="@1584145593422" delta="28" />
  <time id="30" path="/Proyecto/CDSI/SEMANA 4/Overhead" start="@1584147274438" delta="75" />
  <time id="31" path="/Proyecto/CDSI/SEMANA 4/Reunion de equipo" start="@1584462257072" delta="2" />
  <time id="32" path="/Proyecto/CDSI/SEMANA 2/Revision de SAS" start="@1584462454893" delta="18" />
  <time id="33" path="/Proyecto/CDSI/SEMANA 2/Revision de SAS" start="@1584476908613" delta="51" />
  <time id="34" path="/Proyecto/CDSI/SEMANA 4/Reunion de equipo" start="@1584484886471" delta="51" />
  <time id="35" path="/Proyecto/CDSI/SEMANA 5/Tiempo de Rol de Gerente de Calidad y Procesos (5)" start="@1584488970908" delta="67" />
  <time id="36" path="/Proyecto/CDSI/SEMANA 5/Instalacion de base de datos del cliente en un servidor local" start="@1584492985480" delta="92" interrupt="1" />
  <time id="37" path="/Proyecto/CDSI/SEMANA 5/Overhead (5)" start="@1584498578894" delta="30" />
  <time id="38" path="/Proyecto/CDSI/SEMANA 5/Overhead (5)" start="@1584547978351" delta="17" />
  <time id="39" path="/Proyecto/CDSI/SEMANA 5/Investigacion de libreria Open Street Map" start="@1584549019990" delta="22" />
  <time id="40" path="/Proyecto/CDSI/SEMANA 5/Preparacion para la reunion de equipo (4)" start="@1584592124107" delta="21" />
  <time id="41" path="/Proyecto/CDSI/SEMANA 5/Investigacion de libreria Open Street Map" start="@1584593411019" delta="79" />
  <time id="42" path="/Proyecto/CDSI/SEMANA 5/Investigacion de libreria Open Street Map" start="@1584628126195" delta="164" />
  <time id="43" path="/Proyecto/CDSI/SEMANA 6/Preparacion para la reunion de equipo (5)" start="@1585356760016" delta="19" />
  <time id="44" path="/Proyecto/CDSI/SEMANA 6/Preparacion para la reunion de equipo (5)" start="@1585614227324" delta="21" />
  <time id="45" path="/Proyecto/CDSI/SEMANA 6/Capasitacion con la base de datos del cliente" start="@1585615483976" delta="93" />
  <time id="46" path="/Proyecto/CDSI/SEMANA 6/Pruebas de integracion con el proyecti de brenda" start="@1585621069267" delta="48" interrupt="881" />
  <time id="47" path="/Proyecto/CDSI/SEMANA 6/Tiempo de Rol de Gerente de Calidad y Procesos (6)" start="@1585676888405" delta="64" />
  <time id="48" path="/Proyecto/CDSI/SEMANA 6/Preparacion para la reunion con el cliente (2)" start="@1585680711095" delta="23" />
  <time id="49" path="/Proyecto/CDSI/SEMANA 6/Reunion con el cliente para revisar mockup explorativo por ultima vez" start="@1585703079818" delta="68" interrupt="883" />
  <time id="50" path="/Proyecto/CDSI/SEMANA 6/Implementacion del diseño en el proyecto" start="@1585760221943" delta="47" />
  <time id="51" path="/Proyecto/CDSI/SEMANA 6/Pruebas de la coneccion de BD" start="@1585763053649" delta="49" />
  <time id="52" path="/Proyecto/CDSI/SEMANA 6/Overhead (6)" start="@1585765979461" delta="1" />
  <time id="53" path="/Proyecto/CDSI/SEMANA 6/Reunion de equipo (6)" start="@1585765992703" delta="46" />
  <time id="54" path="/Proyecto/CDSI/SEMANA 5/Reunion de equipo (5)" start="@1585768801038" delta="48" />
  <time id="55" path="/Proyecto/CDSI/SEMANA 7/Pruebas de integracion de Apis" start="@1585771702262" delta="9" />
  <time id="56" path="/Proyecto/CDSI/SEMANA 7/Pruebas de integracion de Apis" start="@1585783574246" delta="74" />
  <time id="57" path="/Proyecto/CDSI/SEMANA 7/Tiempo de Rol de Gerente de Calidad y Procesos (7)" start="@1585788039819" delta="2" />
  <time id="58" path="/Proyecto/CDSI/SEMANA 7/Tiempo de Rol de Gerente de Calidad y Procesos (7)" start="@1585788504809" delta="49" interrupt="57" />
  <time id="59" path="/Proyecto/CDSI/SEMANA 7/Busqueda de Librerias" start="@1585794908731" delta="4" />
  <time id="60" path="/Proyecto/CDSI/SEMANA 7/Busqueda de Librerias" start="@1585849480132" delta="59" />
  <time id="61" path="/Proyecto/CDSI/SEMANA 7/Busqueda de Librerias" start="@1585964283063" delta="42" />
  <time id="62" path="/Proyecto/CDSI/SEMANA 7/Obtener APIS KEY'S de google" start="@1586368168739" delta="151" />
  <time id="63" path="/Proyecto/CDSI/SEMANA 7/Preparacion para la reunion de equipo (6)" start="@1586377249787" delta="29" />
  <time id="64" path="/Proyecto/CDSI/SEMANA 8/Preparacion para la reunion de equipo (7)" start="@1586379030083" delta="10" />
  <time id="65" path="/Proyecto/CDSI/SEMANA 8/Preparacion para la reunion de equipo (7)" start="@1586386942990" delta="35" />
  <time id="66" path="/Proyecto/CDSI/SEMANA 8/Reunion de equipo (8)" start="@1586389029894" delta="20" />
  <time id="67" path="/Proyecto/CDSI/SEMANA 8/Reunion de equipo (8)" start="@1586402665204" delta="23" />
  <time id="68" path="/Proyecto/CDSI/SEMANA 8/Pruebas de integracion de Mapa" start="@1586404079415" delta="28" />
  <time id="69" path="/Proyecto/CDSI/SEMANA 8/Pruebas de integracion de Mapa" start="@1586447467080" delta="95" interrupt="8" />
  <time id="70" path="/Proyecto/CDSI/SEMANA 8/Pruebas de integracion de Mapa" start="@1586461492669" delta="29" />
  <time id="71" path="/Proyecto/CDSI/SEMANA 8/Configurar Radio de inicio de mapa" start="@1586463221504" delta="28" />
  <time id="72" path="/Proyecto/CDSI/SEMANA 8/Configurar Radio de inicio de mapa" start="@1586541698154" delta="59" interrupt="1786" />
  <time id="73" path="/Proyecto/CDSI/SEMANA 8/Configurar Radio de inicio de mapa" start="@1586796588665" delta="96" />
  <time id="74" path="/Proyecto/CDSI/SEMANA 8/Tiempo de Rol de Gerente de Calidad y Procesos (8)" start="@1586819752127" delta="49" />
  <time id="75" path="/Proyecto/CDSI/SEMANA 9/Mandar llamar valor de latitud y longitud de la tabla cliente de la base de datos de prueba" start="@1586884427739" delta="239" />
  <time id="76" path="/Proyecto/CDSI/SEMANA 9/Codificación de trazado de ruta" start="@1586898751707" delta="82" interrupt="121" />
  <time id="77" path="/Proyecto/CDSI/SEMANA 9/Pruebas de la aplicación" start="@1586910985741" delta="3934" />
  <time id="78" path="/Proyecto/CDSI/SEMANA 9/Revision de Historia de Usuario Rutas" start="@1587147029826" delta="286" />
  <time id="79" path="/Proyecto/CDSI/SEMANA 9/Tiempo de Rol de Gerente de Calidad y Procesos (9)" start="@1587230217149" delta="25" />
  <time id="80" path="/Proyecto/CDSI/SEMANA 9/Tiempo de Rol de Gerente de Calidad y Procesos (9)" start="@1587248234698" delta="4" />
  <time id="81" path="/Proyecto/CDSI/SEMANA 9/Tiempo de Rol de Gerente de Calidad y Procesos (9)" start="@1587395906666" delta="11" />
  <time id="82" path="/Proyecto/CDSI/SEMANA 9/Preparacion para la reunion de equipo (8)" start="@1587508355379" delta="36" />
  <time id="83" path="/Proyecto/CDSI/SEMANA 9/Reunion de equipo (9)" start="@1587573839887" delta="31" />
  <time id="84" path="/Proyecto/CDSI/SEMANA 9/Reunion de equipo (9)" start="@1587596420995" delta="41" />
  <time id="85" path="/Proyecto/CDSI/SEMANA 7/Reunion de equipo (7)" start="@1588126412624" delta="143" />
  <time id="86" path="/Proyecto/CDSI/SEMANA 10/Tiempo de Rol de Gerente de Calidad y Procesos (10)" start="@1588201996512" delta="42" />
  <time id="87" path="/Proyecto/CDSI/SEMANA 10/Tiempo de Rol de Gerente de Calidad y Procesos (10)" start="@1588267662117" delta="26" />
  <time id="88" path="/Proyecto/CDSI/SEMANA 10/Integrar aplicacion a sistema de cliente" start="@1588284372859" delta="193" interrupt="27" />
  <time id="89" path="/Proyecto/CDSI/SEMANA 10/Reunion con el cliente para primera entrega de proyecto" start="@1588297619520" delta="98" />
  <time id="90" path="/Proyecto/CDSI/SEMANA 10/Preparacion para la reunion de equipo (9)" start="@1588303498677" delta="19" />
  <time id="91" path="/Proyecto/CDSI/SEMANA 10/Reunion de equipo (10)" start="@1588304649971" delta="52" />
  <time id="92" path="/Proyecto/CDSI/SEMANA 10/Preparacion para la reunion con el cliente (3)" start="@1588307804431" delta="32" />
  <time id="93" path="/Proyecto/CDSI/SEMANA 11/Preparacion para la reunion de equipo (10)" start="@1588338041765" delta="33" />
  <time id="94" path="/Proyecto/CDSI/SEMANA 11/Reunion de equipo (11)" start="@1588340030596" delta="40" />
  <time id="95" path="/Proyecto/CDSI/SEMANA 11/Revision de documentos" start="@1588371473263" delta="93" />
  <time id="96" path="/Proyecto/CDSI/SEMANA 11/Recoleccion de datos del sistema del cliente" start="@1588377080023" delta="5" />
  <time id="97" path="/Proyecto/CDSI/SEMANA 11/Recoleccion de datos del sistema del cliente" start="@1588386888006" delta="121" />
  <time id="98" path="/Proyecto/CDSI/SEMANA 11/Realizar Pruebas de la aplicacion Con la finaliad de encontrar errores" start="@1588394204795" delta="193" />
  <time id="99" path="/Proyecto/CDSI/SEMANA 11/Tiempo de Rol de Gerente de Calidad y Procesos (11)" start="@1588405796349" delta="45" />
  <time id="100" path="/Proyecto/CDSI/SEMANA 12/Preparacion para la reunion de equipo (11)" start="@1588944998161" delta="22" />
  <time id="101" path="/Proyecto/CDSI/SEMANA 12/Tiempo de Rol de Gerente de Calidad y Procesos (12)" start="@1588946318758" delta="47" />
  <time id="102" path="/Proyecto/CDSI/SEMANA 13/Tiempo de Rol de Gerente de Calidad y Procesos (13)" start="@1589514909958" delta="42" />
  <time id="103" path="/Proyecto/CDSI/SEMANA 13/Overhead (13)" start="@1589517444199" delta="2" />
  <time id="104" path="/Proyecto/CDSI/SEMANA 13/Overhead (13)" start="@1589545939702" delta="62" />
  <time id="105" path="/Proyecto/CDSI/SEMANA 13/Preparacion para la reunion de equipo (12)" start="@1589549646955" delta="25" />
  <time id="106" path="/Proyecto/CDSI/SEMANA 12/Recoleccion de datos del sistema del cliente (2)" start="@1589551554501" delta="429" />
  <time id="107" path="/Proyecto/CDSI/SEMANA 12/Correccion y,o mejora del sistema del cliente" start="@1589577320525" delta="141" />
  <time id="108" path="/Proyecto/CDSI/SEMANA 12/Reunion de equipo (12)" start="@1589644193307" delta="98" />
  <time id="109" path="/Proyecto/CDSI/SEMANA 13/Reunion de equipo (13)" start="@1589668000753" delta="71" />
  <time id="110" path="/Proyecto/CDSI/SEMANA 13/Revisar Manual de Usuario" start="@1589813017156" delta="87" />
  <time id="111" path="/Proyecto/CDSI/SEMANA 13/Revisar manual de operaciones" start="@1589818642648" delta="92" />
  <time id="112" path="/Proyecto/CDSI/SEMANA 13/Revisar Manual de Mantenimiento" start="@1589824195162" delta="131" />
  <time id="113" path="/Proyecto/CDSI/SEMANA 14/Preparacion para la reunion de equipo (13)" start="@1589832050272" delta="27" />
  <time id="114" path="/Proyecto/CDSI/SEMANA 14/Tiempo de Rol de Gerente de Calidad y Procesos (14)" start="@1589833676683" delta="97" />
  <time id="115" path="/Proyecto/CDSI/SEMANA 14/Overhead (14)" start="@1589839535876" delta="167" />
</timeLogEntries>
